data,PETR4,VIVT3_bruto,VIVT3
2021-08-20,26.6,44.19,22.095
2021-08-23,27.02,43.86,21.93
2021-08-24,27.58,43.54,21.77
2021-08-25,27.73,43.38,21.69
2021-08-26,27.49,43.14,21.57
2021-08-27,28.49,43.21,21.605
2021-08-30,28.3,43.37,21.685
2021-08-31,27.19,43.73,21.865
2021-09-01,27.04,43.22,21.61
2021-09-02,26.6,42.43,21.215
2021-09-03,26.33,42.09,21.045
2021-09-06,26.46,42.43,21.215
2021-09-08,24.97,41.08,20.54
2021-09-09,25.5,42.23,21.115
2021-09-10,25.34,42.22,21.11
2021-09-13,26.23,42.45,21.225
2021-09-14,25.88,42.79,21.395
2021-09-15,26.33,41.42,20.71
2021-09-16,26.1,41.51,20.755
2021-09-17,24.93,42.11,21.055
2021-09-20,24.65,41.84,20.92
2021-09-21,25.21,42.23,21.115
2021-09-22,25.85,43.5,21.75
2021-09-23,26.84,43.85,21.925
2021-09-24,26.9,43.13,21.565
2021-09-27,27.14,43.14,21.57
2021-09-28,26.96,42.15,21.075
2021-09-29,27.39,42.41,21.205
2021-09-30,27.23,42.87,21.435
2021-10-01,28.0,42.85,21.425
2021-10-04,28.79,42.52,21.26
2021-10-05,29.42,43.15,21.575
2021-10-06,28.64,42.82,21.41
2021-10-07,28.6,43.2,21.6
2021-10-08,29.12,45.0,22.5
2021-10-11,29.32,45.29,22.645
2021-10-13,29.63,46.0,23.0
2021-10-14,29.68,45.8,22.9
2021-10-15,29.6,46.17,23.085
2021-10-18,29.45,46.45,23.225
2021-10-19,28.01,45.91,22.955
2021-10-20,28.41,46.0,23.0
2021-10-21,27.45,45.28,22.64
2021-10-22,27.18,44.56,22.28
2021-10-25,29.04,44.88,22.44
2021-10-26,28.76,44.79,22.395
2021-10-27,28.69,44.59,22.295
2021-10-28,28.96,45.0,22.5
2021-10-29,27.25,45.52,22.76
2021-11-01,28.0,46.56,23.28
2021-11-03,26.85,49.64,24.82
2021-11-04,26.0,49.68,24.84
2021-11-05,25.85,50.31,25.155
2021-11-08,26.12,50.8,25.4
2021-11-09,26.64,49.79,24.895
2021-11-10,26.43,49.36,24.68
2021-11-11,26.45,49.21,24.605
2021-11-12,26.99,49.28,24.64
2021-11-16,27.27,49.5,24.75
2021-11-17,26.58,49.26,24.63
2021-11-18,26.54,49.62,24.81
2021-11-19,26.1,53.0,26.5
2021-11-22,26.36,51.92,25.96
2021-11-23,27.8,51.0,25.5
2021-11-24,28.37,50.77,25.385
2021-11-25,29.62,51.3,25.65
2021-11-26,28.47,50.84,25.42
2021-11-29,29.47,50.32,25.16
2021-11-30,29.43,50.29,25.145
2021-12-01,29.6,49.98,24.99
2021-12-02,28.36,50.24,25.12
2021-12-03,28.76,50.85,25.425
2021-12-06,28.89,50.1,25.05
2021-12-07,29.36,49.96,24.98
2021-12-08,29.35,49.08,24.54
2021-12-09,29.29,48.12,24.06
2021-12-10,29.65,49.1,24.55
2021-12-13,29.47,49.0,24.5
2021-12-14,29.12,48.9,24.45
2021-12-15,29.3,48.69,24.345
2021-12-16,29.69,49.14,24.57
2021-12-17,28.99,49.25,24.625
2021-12-20,28.16,49.05,24.525
2021-12-21,28.2,49.25,24.625
2021-12-22,28.16,49.88,24.94
2021-12-23,28.33,49.87,24.935
2021-12-27,28.75,49.57,24.785
2021-12-28,28.78,47.98,23.99
2021-12-29,28.54,48.27,24.135
2021-12-30,28.45,48.19,24.095
2022-01-03,29.09,47.81,23.905
2022-01-04,29.2,47.81,23.905
2022-01-05,28.07,47.75,23.875
2022-01-06,28.05,46.98,23.49
2022-01-07,28.18,46.66,23.33
2022-01-10,28.01,46.8,23.4
2022-01-11,28.84,46.57,23.285
2022-01-12,29.72,46.69,23.345
2022-01-13,30.32,47.04,23.52
2022-01-14,31.45,46.88,23.44
2022-01-17,31.5,47.51,23.755
2022-01-18,31.64,47.61,23.805
2022-01-19,31.49,48.69,24.345
2022-01-20,31.72,48.4,24.2
2022-01-21,31.77,48.36,24.18
2022-01-24,31.95,48.08,24.04
2022-01-25,32.99,48.45,24.225
2022-01-26,33.87,47.78,23.89
2022-01-27,33.88,48.7,24.35
2022-01-28,32.54,48.87,24.435
2022-01-31,32.35,49.68,24.84
2022-02-01,33.0,49.61,24.805
2022-02-02,32.52,49.52,24.76
2022-02-03,32.07,50.14,25.07
2022-02-04,32.63,49.71,24.855
2022-02-07,32.15,49.1,24.55
2022-02-08,31.83,49.26,24.63
2022-02-09,31.95,50.6,25.3
2022-02-10,32.44,49.58,24.79
2022-02-11,33.76,49.84,24.92
2022-02-14,33.0,49.83,24.915
2022-02-15,32.48,49.0,24.5
2022-02-16,32.93,49.29,24.645
2022-02-17,32.8,49.75,24.875
2022-02-18,33.0,49.51,24.755
2022-02-21,33.85,49.57,24.785
2022-02-22,33.74,49.06,24.53
2022-02-23,34.22,49.14,24.57
2022-02-24,33.39,49.83,24.915
2022-02-25,34.0,50.17,25.085
2022-03-02,34.67,49.15,24.575
2022-03-03,34.24,48.79,24.395
2022-03-04,34.23,48.64,24.32
2022-03-07,31.8,48.64,24.32
2022-03-08,32.46,48.8,24.4
2022-03-09,32.56,49.65,24.825
2022-03-10,33.7,49.2,24.6
2022-03-11,32.49,49.77,24.885
2022-03-14,31.87,50.14,25.07
2022-03-15,31.1,50.87,25.435
2022-03-16,30.83,51.49,25.745
2022-03-17,30.01,52.25,26.125
2022-03-18,30.61,53.05,26.525
2022-03-21,31.76,53.37,26.685
2022-03-22,31.62,53.67,26.835
2022-03-23,32.05,53.32,26.66
2022-03-24,32.42,53.4,26.7
2022-03-25,32.3,53.36,26.68
2022-03-28,31.6,53.25,26.625
2022-03-29,32.3,53.0,26.5
2022-03-30,32.99,53.25,26.625
2022-03-31,33.45,53.69,26.845
2022-04-01,33.01,54.53,27.265
2022-04-04,32.7,53.94,26.97
2022-04-05,32.39,54.55,27.275
2022-04-06,32.36,55.35,27.675
2022-04-07,34.04,54.15,27.075
2022-04-08,34.21,53.67,26.835
2022-04-11,33.95,53.58,26.79
2022-04-12,33.85,53.04,26.52
2022-04-13,34.57,53.42,26.71
2022-04-14,31.27,53.73,26.865
2022-04-18,30.72,53.45,26.725
2022-04-19,31.65,52.9,26.45
2022-04-20,31.8,52.78,26.39
2022-04-22,30.56,52.73,26.365
2022-04-25,30.11,53.65,26.825
2022-04-26,30.06,53.65,26.825
2022-04-27,30.06,51.82,25.91
2022-04-28,30.26,52.39,26.195
2022-04-29,30.28,53.19,26.595
2022-05-02,29.98,52.13,26.065
2022-05-03,30.25,51.77,25.885
2022-05-04,32.07,52.5,26.25
2022-05-05,32.01,50.81,25.405
2022-05-06,33.06,50.62,25.31
2022-05-09,32.16,50.91,25.455
2022-05-10,32.44,50.8,25.4
2022-05-11,33.57,49.02,24.51
2022-05-12,33.83,49.94,24.97
2022-05-13,34.27,49.26,24.63
2022-05-16,34.61,49.46,24.73
2022-05-17,34.16,49.88,24.94
2022-05-18,33.6,49.57,24.785
2022-05-19,34.17,49.99,24.995
2022-05-20,34.83,50.06,25.03
2022-05-23,36.2,51.58,25.79
2022-05-24,31.6,51.92,25.96
2022-05-25,32.05,52.35,26.175
2022-05-26,32.13,51.98,25.99
2022-05-27,30.6,51.54,25.77
2022-05-30,29.99,51.53,25.765
2022-05-31,30.06,51.05,25.525
2022-06-01,30.02,50.47,25.235
2022-06-02,29.76,51.08,25.54
2022-06-03,30.28,50.37,25.185
2022-06-06,30.3,48.88,24.44
2022-06-07,30.66,48.01,24.005
2022-06-08,30.51,47.4,23.7
2022-06-09,30.07,46.87,23.435
2022-06-10,29.65,46.8,23.4
2022-06-13,29.27,46.24,23.12
2022-06-14,29.6,46.35,23.175
2022-06-15,29.08,46.67,23.335
2022-06-17,27.31,45.46,22.73
2022-06-20,27.62,45.63,22.815
2022-06-21,27.07,47.05,23.525
2022-06-22,26.99,46.96,23.48
2022-06-23,26.49,46.89,23.445
2022-06-24,26.29,46.55,23.275
2022-06-27,27.98,46.7,23.35
2022-06-28,28.33,46.48,23.24
2022-06-29,28.08,45.66,22.83
2022-06-30,27.93,47.06,23.53
2022-07-01,28.53,47.55,23.775
2022-07-04,29.14,46.51,23.255
2022-07-05,28.03,46.37,23.185
2022-07-06,27.67,47.17,23.585
2022-07-07,28.48,47.34,23.67
2022-07-08,28.8,47.49,23.745
2022-07-11,28.66,47.87,23.935
2022-07-12,28.23,47.64,23.82
2022-07-13,28.25,47.2,23.6
2022-07-14,27.49,47.27,23.635
2022-07-15,27.96,47.18,23.59
2022-07-18,28.6,46.91,23.455
2022-07-19,29.18,47.51,23.755
2022-07-20,29.17,46.89,23.445
2022-07-21,29.02,46.98,23.49
2022-07-22,29.33,46.83,23.415
2022-07-25,30.7,46.42,23.21
2022-07-26,31.01,46.39,23.195
2022-07-27,31.35,44.9,22.45
2022-07-28,32.29,44.88,22.44
2022-07-29,34.15,44.6,22.3
2022-08-01,33.68,44.61,22.305
2022-08-02,33.83,44.31,22.155
2022-08-03,33.88,44.6,22.3
2022-08-04,34.21,45.26,22.63
2022-08-05,34.87,45.45,22.725
2022-08-08,36.63,45.72,22.86
2022-08-09,37.23,46.3,23.15
2022-08-10,37.11,46.4,23.2
2022-08-11,36.25,46.1,23.05
2022-08-12,31.71,46.01,23.005
2022-08-15,31.72,45.09,22.545
2022-08-16,32.01,45.28,22.64
2022-08-17,32.76,45.32,22.66
2022-08-18,33.42,44.79,22.395
2022-08-19,31.73,44.37,22.185
2022-08-22,32.41,44.33,22.165
2022-08-23,33.44,44.11,22.055
2022-08-24,33.64,43.4,21.7
2022-08-25,33.28,42.85,21.425
2022-08-26,33.64,42.24,21.12
2022-08-29,34.48,42.29,21.145
2022-08-30,32.43,42.22,21.11
2022-08-31,33.23,41.14,20.57
2022-09-01,33.85,41.26,20.63
2022-09-02,33.42,41.54,20.77
2022-09-05,33.33,41.78,20.89
2022-09-06,32.1,42.1,21.05
2022-09-08,31.8,42.09,21.045
2022-09-09,31.79,42.79,21.395
2022-09-12,31.58,42.46,21.23
2022-09-13,30.65,41.41,20.705
2022-09-14,31.12,41.37,20.685
2022-09-15,31.06,41.28,20.64
2022-09-16,30.78,40.63,20.315
2022-09-19,31.27,40.99,20.495
2022-09-20,31.09,41.05,20.525
2022-09-21,31.17,41.11,20.555
2022-09-22,31.94,42.25,21.125
2022-09-23,29.94,41.95,20.975
2022-09-26,29.46,40.96,20.48
2022-09-27,29.67,40.46,20.23
2022-09-28,29.27,40.75,20.375
2022-09-29,29.31,40.37,20.185
2022-09-30,29.8,40.49,20.245
2022-10-03,32.18,42.0,21.0
2022-10-04,31.37,41.14,20.57
2022-10-05,32.55,40.09,20.045
2022-10-06,33.66,39.58,19.79
2022-10-07,33.63,40.02,20.01
2022-10-10,33.25,40.21,20.105
2022-10-11,33.0,40.01,20.005
2022-10-13,33.94,39.88,19.94
2022-10-14,33.42,39.39,19.695
2022-10-17,33.39,39.16,19.58
2022-10-18,34.21,39.38,19.69
2022-10-19,35.42,40.71,20.355
2022-10-20,36.47,40.24,20.12
2022-10-21,37.72,39.97,19.985
2022-10-24,34.25,39.8,19.9
2022-10-25,33.53,39.6,19.8
2022-10-26,32.71,39.91,19.955
2022-10-27,32.96,40.92,20.46
2022-10-28,32.57,41.11,20.555
2022-10-31,29.81,41.31,20.655
2022-11-01,29.86,40.84,20.42
2022-11-03,29.95,41.7,20.85
2022-11-04,28.3,41.08,20.54
2022-11-07,27.15,40.78,20.39
2022-11-08,27.35,41.1,20.55
2022-11-09,26.9,41.05,20.525
2022-11-10,26.12,40.38,20.19
2022-11-11,26.99,41.38,20.69
2022-11-14,27.7,40.44,20.22
2022-11-16,27.15,39.26,19.63
2022-11-17,27.16,38.81,19.405
2022-11-18,26.7,38.71,19.355
2022-11-21,26.78,38.96,19.48
2022-11-22,23.33,38.79,19.395
2022-11-23,23.44,38.99,19.495
2022-11-24,24.25,39.49,19.745
2022-11-25,23.86,38.73,19.365
2022-11-28,24.36,38.47,19.235
2022-11-29,25.38,38.44,19.22
2022-11-30,26.66,38.05,19.025
2022-12-01,25.59,38.56,19.28
2022-12-02,25.91,39.48,19.74
2022-12-05,25.62,38.52,19.26
2022-12-06,25.64,38.47,19.235
2022-12-07,25.35,38.37,19.185
2022-12-08,24.78,37.13,18.565
2022-12-09,24.71,37.6,18.8
2022-12-12,23.91,37.51,18.755
2022-12-13,23.32,37.18,18.59
2022-12-14,21.47,37.38,18.69
2022-12-15,22.04,37.16,18.58
2022-12-16,22.05,36.86,18.43
2022-12-19,22.38,36.87,18.435
2022-12-20,23.07,37.75,18.875
2022-12-21,23.57,37.78,18.89
2022-12-22,23.99,38.0,19.0
2022-12-23,25.12,38.46,19.23
2022-12-26,24.94,37.56,18.78
2022-12-27,25.11,37.41,18.705
2022-12-28,24.8,37.87,18.935
2022-12-29,24.5,38.35,19.175
2023-01-02,22.92,36.39,18.195
2023-01-03,22.34,35.66,17.83
2023-01-04,23.05,36.44,18.22
2023-01-05,23.88,37.42,18.71
2023-01-06,23.74,38.22,19.11
2023-01-09,23.87,38.1,19.05
2023-01-10,24.09,38.5,19.25
2023-01-11,24.28,38.82,19.41
2023-01-12,24.63,38.81,19.405
2023-01-13,24.57,38.13,19.065
2023-01-16,24.04,38.16,19.08
2023-01-17,25.52,39.04,19.52
2023-01-18,25.07,40.0,20.0
2023-01-19,25.83,40.07,20.035
2023-01-20,26.37,39.47,19.735
2023-01-23,26.79,41.45,20.725
2023-01-24,26.6,40.6,20.3
2023-01-25,26.94,40.03,20.015
2023-01-26,26.2,40.22,20.11
2023-01-27,25.62,40.41,20.205
2023-01-30,25.75,40.58,20.29
2023-01-31,26.07,41.82,20.91
2023-02-01,25.71,40.24,20.12
2023-02-02,24.52,39.52,19.76
2023-02-03,24.79,38.95,19.475
2023-02-06,25.78,38.6,19.3
2023-02-07,25.62,38.36,19.18
2023-02-08,26.05,38.79,19.395
2023-02-09,25.93,38.46,19.23
2023-02-10,26.72,39.08,19.54
2023-02-13,26.8,39.28,19.64
2023-02-14,26.7,39.53,19.765
2023-02-15,26.74,39.67,19.835
2023-02-16,26.85,40.48,20.24
2023-02-17,26.44,41.57,20.785
2023-02-22,25.76,39.71,19.855
2023-02-23,26.55,39.5,19.75
2023-02-24,25.97,39.27,19.635
2023-02-27,26.15,39.43,19.715
2023-02-28,25.24,38.94,19.47
2023-03-01,25.3,38.84,19.42
2023-03-02,24.64,38.56,19.28
2023-03-03,25.7,38.16,19.08
2023-03-06,25.96,38.71,19.355
2023-03-07,25.1,39.22,19.61
2023-03-08,25.42,39.04,19.52
2023-03-09,25.31,39.39,19.695
2023-03-10,24.98,38.96,19.48
2023-03-13,24.19,39.07,19.535
2023-03-14,23.76,39.43,19.715
2023-03-15,23.34,40.08,20.04
2023-03-16,23.26,40.17,20.085
2023-03-17,23.51,38.76,19.38
2023-03-20,22.93,38.98,19.49
2023-03-21,23.4,38.44,19.22
2023-03-22,23.33,38.32,19.16
2023-03-23,22.8,38.53,19.265
2023-03-24,22.79,39.13,19.565
2023-03-27,23.18,39.32,19.66
2023-03-28,23.59,39.73,19.865
2023-03-29,23.9,39.82,19.91
2023-03-30,23.97,40.07,20.035
2023-03-31,23.45,38.66,19.33
2023-04-03,24.49,38.12,19.06
2023-04-04,24.27,39.0,19.5
2023-04-05,24.35,38.84,19.42
2023-04-06,24.0,39.3,19.65
2023-04-10,24.51,39.57,19.785
2023-04-11,25.66,40.18,20.09
2023-04-12,25.85,40.38,20.19
2023-04-13,26.03,40.84,20.42
2023-04-14,26.3,40.44,20.22
2023-04-17,26.71,40.85,20.425
2023-04-18,27.39,40.83,20.415
2023-04-19,26.51,40.69,20.345
2023-04-20,26.69,40.78,20.39
2023-04-24,27.2,40.34,20.17
2023-04-25,27.09,40.39,20.195
2023-04-26,26.75,40.25,20.125
2023-04-27,26.1,41.25,20.625
2023-04-28,23.7,41.12,20.56
2023-05-02,22.74,41.11,20.555
2023-05-03,22.66,41.1,20.55
2023-05-04,23.02,40.92,20.46
2023-05-05,24.0,41.4,20.7
2023-05-08,24.51,41.2,20.6
2023-05-09,24.59,40.98,20.49
2023-05-10,24.53,41.46,20.73
2023-05-11,25.43,41.75,20.875
2023-05-12,26.25,41.62,20.81
2023-05-15,25.66,41.88,20.94
2023-05-16,26.3,41.64,20.82
2023-05-17,25.66,41.36,20.68
2023-05-18,25.81,41.57,20.785
2023-05-19,25.92,41.68,20.84
2023-05-22,25.62,41.7,20.85
2023-05-23,26.25,41.69,20.845
2023-05-24,26.65,41.22,20.61
2023-05-25,26.45,42.16,21.08
2023-05-26,26.8,41.87,20.935
2023-05-29,26.69,41.8,20.9
2023-05-30,26.39,41.04,20.52
2023-05-31,26.12,40.0,20.0
2023-06-01,26.96,40.56,20.28
2023-06-02,27.18,41.28,20.64
2023-06-05,27.47,41.27,20.635
2023-06-06,28.05,42.56,21.28
2023-06-07,28.87,42.43,21.215
2023-06-09,30.28,43.47,21.735
2023-06-12,30.81,43.82,21.91
2023-06-13,28.86,42.92,21.46
2023-06-14,30.1,44.41,22.205
2023-06-15,29.39,44.09,22.045
2023-06-16,29.64,43.0,21.5
2023-06-19,30.42,43.24,21.62
2023-06-20,30.57,43.13,21.565
2023-06-21,31.85,43.47,21.735
2023-06-22,31.45,42.47,21.235
2023-06-23,30.16,42.72,21.36
2023-06-26,30.84,42.3,21.15
2023-06-27,30.6,42.35,21.175
2023-06-28,30.89,42.75,21.375
2023-06-29,31.03,43.1,21.55
2023-06-30,29.53,43.27,21.635
2023-07-03,30.08,42.94,21.47
2023-07-04,30.15,42.85,21.425
2023-07-05,30.11,42.95,21.475
2023-07-06,29.65,42.4,21.2
2023-07-07,29.5,42.11,21.055
2023-07-10,29.55,41.93,20.965
2023-07-11,29.15,41.18,20.59
2023-07-12,29.17,41.29,20.645
2023-07-13,29.63,41.15,20.575
2023-07-14,29.05,40.48,20.24
2023-07-17,28.99,40.61,20.305
2023-07-18,28.83,40.24,20.12
2023-07-19,29.1,40.29,20.145
2023-07-20,29.13,40.7,20.35
2023-07-21,29.68,41.1,20.55
2023-07-24,30.3,41.22,20.61
2023-07-25,31.0,41.38,20.69
2023-07-26,31.0,43.5,21.75
2023-07-27,29.39,42.21,21.105
2023-07-28,29.76,42.37,21.185
2023-07-31,31.11,42.11,21.055
2023-08-01,30.6,42.4,21.2
2023-08-02,30.53,42.59,21.295
2023-08-03,30.92,42.43,21.215
2023-08-04,30.0,42.66,21.33
2023-08-07,30.19,42.46,21.23
2023-08-08,30.22,42.69,21.345
2023-08-09,30.46,42.31,21.155
2023-08-10,30.63,42.59,21.295
2023-08-11,30.56,42.51,21.255
2023-08-14,30.64,42.48,21.24
2023-08-15,30.86,42.12,21.06
2023-08-16,31.54,41.93,20.965
2023-08-17,31.44,42.28,21.14
2023-08-18,31.52,42.63,21.315
2023-08-21,31.3,42.03,21.015
2023-08-22,30.61,42.03,21.015
2023-08-23,32.24,41.92,20.96
2023-08-24,32.19,41.68,20.84
2023-08-25,31.97,41.4,20.7
2023-08-28,32.33,42.05,21.025
2023-08-29,32.4,42.76,21.38
2023-08-30,32.62,42.02,21.01
2023-08-31,31.94,41.35,20.675
2023-09-01,32.63,41.68,20.84
2023-09-04,32.29,41.62,20.81
2023-09-05,33.37,41.46,20.73
2023-09-06,33.52,41.73,20.865
2023-09-08,33.4,41.86,20.93
2023-09-11,33.37,42.49,21.245
2023-09-12,33.53,42.77,21.385
2023-09-13,33.03,42.69,21.345
2023-09-14,33.87,43.4,21.7
2023-09-15,33.89,43.29,21.645
2023-09-18,34.13,44.13,22.065
2023-09-19,34.21,44.46,22.23
2023-09-20,34.29,44.8,22.4
2023-09-21,33.76,44.31,22.155
2023-09-22,34.03,43.78,21.89
2023-09-25,34.25,44.0,22.0
2023-09-26,33.46,43.91,21.955
2023-09-27,34.52,43.2,21.6
2023-09-28,34.45,43.33,21.665
2023-09-29,34.64,43.18,21.59
2023-10-02,34.12,43.72,21.86
2023-10-03,33.97,43.74,21.87
2023-10-04,32.62,44.21,22.105
2023-10-05,32.73,44.72,22.36
2023-10-06,33.51,44.84,22.42
2023-10-09,34.95,45.44,22.72
2023-10-10,35.21,46.08,23.04
2023-10-11,35.12,46.46,23.23
2023-10-13,36.28,46.18,23.09
2023-10-16,36.68,46.54,23.27
2023-10-17,37.67,45.73,22.865
2023-10-18,38.52,45.84,22.92
2023-10-19,38.34,45.78,22.89
2023-10-20,37.85,45.14,22.57
2023-10-23,35.35,45.08,22.54
2023-10-24,35.88,45.82,22.91
2023-10-25,36.07,45.49,22.745
2023-10-26,35.7,46.04,23.02
2023-10-27,35.44,44.73,22.365
2023-10-30,35.08,45.1,22.55
2023-10-31,34.74,45.24,22.62
2023-11-01,35.12,47.53,23.765
2023-11-03,35.54,47.65,23.825
2023-11-06,35.51,47.22,23.61
2023-11-07,34.92,48.04,24.02
2023-11-08,34.17,49.57,24.785
2023-11-09,34.88,49.51,24.755
2023-11-10,34.72,50.1,25.05
2023-11-13,35.69,50.66,25.33
2023-11-14,36.18,50.91,25.455
2023-11-16,35.55,50.67,25.335
2023-11-17,36.71,50.36,25.18
2023-11-20,36.74,50.34,25.17
2023-11-21,36.5,50.68,25.34
2023-11-22,35.16,51.32,25.66
2023-11-23,35.17,52.41,26.205
2023-11-24,35.27,52.19,26.095
2023-11-27,35.07,52.37,26.185
2023-11-28,35.6,52.07,26.035
2023-11-29,35.23,52.62,26.31
2023-11-30,35.91,52.76,26.38
2023-12-01,35.67,52.43,26.215
2023-12-04,34.91,52.91,26.455
2023-12-05,34.75,53.13,26.565
2023-12-06,33.5,53.28,26.64
2023-12-07,33.42,53.23,26.615
2023-12-08,34.49,53.5,26.75
2023-12-11,34.36,52.91,26.455
2023-12-12,34.08,53.36,26.68
2023-12-13,34.57,54.12,27.06
2023-12-14,35.32,54.35,27.175
2023-12-15,35.4,53.62,26.81
2023-12-18,35.84,53.91,26.955
2023-12-19,36.25,53.57,26.785
2023-12-20,36.38,53.47,26.735
2023-12-21,36.39,53.2,26.6
2023-12-22,36.74,53.58,26.79
2023-12-26,37.33,53.85,26.925
2023-12-27,37.36,53.74,26.87
2023-12-28,37.24,53.44,26.72
2024-01-02,37.78,52.62,26.31
2024-01-03,38.96,51.93,25.965
2024-01-04,38.63,51.41,25.705
2024-01-05,38.72,50.48,25.24
2024-01-08,38.43,50.0,25.0
2024-01-09,38.1,50.23,25.115
2024-01-10,37.75,50.62,25.31
2024-01-11,38.07,50.34,25.17
2024-01-12,38.17,50.77,25.385
2024-01-15,38.58,50.69,25.345
2024-01-16,38.1,50.67,25.335
2024-01-17,37.88,50.96,25.48
2024-01-18,37.73,50.62,25.31
2024-01-19,37.53,50.65,25.325
2024-01-22,37.7,50.84,25.42
2024-01-23,38.17,50.9,25.45
2024-01-24,37.88,50.72,25.36
2024-01-25,39.28,50.75,25.375
2024-01-26,39.96,51.2,25.6
2024-01-29,40.57,50.98,25.49
2024-01-30,40.32,50.88,25.44
2024-01-31,40.45,51.36,25.68
2024-02-01,41.57,52.42,26.21
2024-02-02,41.03,52.41,26.205
2024-02-05,41.21,52.88,26.44
2024-02-06,41.59,53.88,26.94
2024-02-07,42.2,53.89,26.945
2024-02-08,41.86,53.68,26.84
2024-02-09,41.3,53.66,26.83
2024-02-14,40.99,54.49,27.245
2024-02-15,42.3,54.03,27.015
2024-02-16,42.69,52.66,26.33
2024-02-19,42.9,52.86,26.43
2024-02-20,42.45,52.93,26.465
2024-02-21,42.51,53.62,26.81
2024-02-22,42.19,56.18,28.09
2024-02-23,41.9,55.31,27.655
2024-02-26,42.69,54.7,27.35
2024-02-27,42.63,56.46,28.23
2024-02-28,40.43,55.72,27.86
2024-02-29,40.14,54.48,27.24
2024-03-01,40.18,53.99,26.995
2024-03-04,40.08,52.5,26.25
2024-03-05,39.96,52.07,26.035
2024-03-06,40.84,52.01,26.005
2024-03-07,40.39,52.56,26.28
2024-03-08,36.12,52.31,26.155
2024-03-11,35.65,52.26,26.13
2024-03-12,36.82,52.17,26.085
2024-03-13,36.38,52.01,26.005
2024-03-14,36.22,53.15,26.575
2024-03-15,36.32,52.02,26.01
2024-03-18,36.34,51.68,25.84
2024-03-19,36.07,51.19,25.595
2024-03-20,36.7,51.27,25.635
2024-03-21,35.7,51.29,25.645
2024-03-22,36.05,51.71,25.855
2024-03-25,36.6,50.24,25.12
2024-03-26,36.26,50.59,25.295
2024-03-27,36.55,50.39,25.195
2024-03-28,37.36,50.6,25.3
2024-04-01,37.65,50.81,25.405
2024-04-02,38.62,50.47,25.235
2024-04-03,38.42,51.09,25.545
2024-04-04,37.88,51.75,25.875
2024-04-05,38.1,51.47,25.735
2024-04-08,38.63,51.53,25.765
2024-04-09,38.73,51.85,25.925
2024-04-10,39.59,51.38,25.69
2024-04-11,39.3,49.38,24.69
2024-04-12,38.94,49.07,24.535
2024-04-15,39.31,48.81,24.405
2024-04-16,39.49,48.69,24.345
2024-04-17,39.78,48.91,24.455
2024-04-18,39.85,48.73,24.365
2024-04-19,40.53,48.71,24.355
2024-04-22,41.5,48.8,24.4
2024-04-23,41.42,48.24,24.12
2024-04-24,41.23,47.9,23.95
2024-04-25,42.22,47.69,23.845
2024-04-26,41.41,48.0,24.0
2024-04-29,42.15,47.93,23.965
2024-04-30,42.02,47.34,23.67
2024-05-02,42.18,49.66,24.83
2024-05-03,39.89,50.35,25.175
2024-05-06,40.16,50.56,25.28
2024-05-07,40.65,49.74,24.87
2024-05-08,41.27,46.94,23.47
2024-05-09,41.67,45.53,22.765
2024-05-10,41.58,45.11,22.555
2024-05-13,41.62,45.4,22.7
2024-05-14,40.87,45.31,22.655
2024-05-15,38.4,45.85,22.925
2024-05-16,37.31,46.5,23.25
2024-05-17,36.69,46.45,23.225
2024-05-20,36.75,45.56,22.78
2024-05-21,36.68,45.26,22.63
2024-05-22,37.18,46.07,23.035
2024-05-23,36.81,45.9,22.95
2024-05-24,36.61,45.9,22.95
2024-05-27,37.01,45.93,22.965
2024-05-28,37.8,45.33,22.665
2024-05-29,37.75,44.66,22.33
2024-05-31,38.79,43.3,21.65
2024-06-03,38.58,43.9,21.95
2024-06-04,38.15,45.03,22.515
2024-06-05,38.2,45.39,22.695
2024-06-06,38.38,45.55,22.775
2024-06-07,36.94,45.0,22.5
2024-06-10,37.5,44.37,22.185
2024-06-11,37.66,45.4,22.7
2024-06-12,35.82,44.53,22.265
2024-06-13,35.46,44.03,22.015
2024-06-14,34.68,44.9,22.45
2024-06-17,34.81,44.3,22.15
2024-06-18,35.9,44.33,22.165
2024-06-19,35.93,44.31,22.155
2024-06-20,36.5,44.66,22.33
2024-06-21,36.72,44.49,22.245
2024-06-24,37.06,45.21,22.605
2024-06-25,37.03,45.35,22.675
2024-06-26,37.09,46.18,23.09
2024-06-27,37.71,45.85,22.925
2024-06-28,38.05,45.34,22.67
2024-07-01,38.63,45.89,22.945
2024-07-02,38.51,45.48,22.74
2024-07-03,37.84,45.5,22.75
2024-07-04,37.32,46.15,23.075
2024-07-05,37.52,46.42,23.21
2024-07-08,38.44,46.52,23.26
2024-07-09,38.43,46.76,23.38
2024-07-10,38.07,47.45,23.725
2024-07-11,38.33,49.0,24.5
2024-07-12,38.15,49.47,24.735
2024-07-15,38.5,48.95,24.475
2024-07-16,38.4,49.06,24.53
2024-07-17,38.6,49.87,24.935
2024-07-18,38.53,49.39,24.695
2024-07-19,38.69,49.03,24.515
2024-07-22,37.92,49.57,24.785
2024-07-23,37.43,48.57,24.285
2024-07-24,37.73,49.09,24.545
2024-07-25,37.68,48.79,24.395
2024-07-26,37.64,48.7,24.35
2024-07-29,36.88,48.25,24.125
2024-07-30,36.65,47.29,23.645
2024-07-31,37.41,48.51,24.255
2024-08-01,36.84,50.6,25.3
2024-08-02,35.73,50.08,25.04
2024-08-05,35.7,48.9,24.45
2024-08-06,36.32,48.94,24.47
2024-08-07,36.27,49.7,24.85
2024-08-08,36.85,50.49,25.245
2024-08-09,36.51,50.76,25.38
2024-08-12,37.34,50.64,25.32
2024-08-13,37.11,51.02,25.51
2024-08-14,37.76,51.62,25.81
2024-08-15,38.34,50.93,25.465
2024-08-16,38.5,52.2,26.1
2024-08-19,38.44,52.12,26.06
2024-08-20,38.29,52.43,26.215
2024-08-21,38.06,52.58,26.29
2024-08-22,37.12,51.96,25.98
2024-08-23,36.89,53.17,26.585
2024-08-26,39.57,52.39,26.195
2024-08-27,39.04,51.94,25.97
2024-08-28,39.6,52.0,26.0
2024-08-29,39.33,51.82,25.91
2024-08-30,39.37,51.83,25.915
2024-09-02,39.0,52.22,26.11
2024-09-03,38.53,53.21,26.605
2024-09-04,38.54,54.51,27.255
2024-09-05,38.3,55.12,27.56
2024-09-06,37.55,54.96,27.48
2024-09-09,37.96,54.19,27.095
2024-09-10,37.33,54.37,27.185
2024-09-11,37.29,54.64,27.32
2024-09-12,36.87,54.6,27.3
2024-09-13,36.7,54.85,27.425
2024-09-16,37.21,55.8,27.9
2024-09-17,37.04,55.66,27.83
2024-09-18,36.15,55.81,27.905
2024-09-19,36.27,55.2,27.6
2024-09-20,36.26,55.28,27.64
2024-09-23,36.63,54.93,27.465
2024-09-24,36.78,55.28,27.64
2024-09-25,37.05,55.5,27.75
2024-09-26,36.25,55.06,27.53
2024-09-27,36.11,55.6,27.8
2024-09-30,36.01,55.82,27.91
2024-10-01,36.97,55.57,27.785
2024-10-02,37.48,56.09,28.045
2024-10-03,37.94,54.69,27.345
2024-10-04,37.84,54.62,27.31
2024-10-07,38.37,53.84,26.92
2024-10-08,37.6,54.13,27.065
2024-10-09,37.22,53.89,26.945
2024-10-10,37.65,53.8,26.9
2024-10-11,37.62,52.67,26.335
2024-10-14,37.71,53.19,26.595
2024-10-15,37.4,53.15,26.575
2024-10-16,37.21,54.3,27.15
2024-10-17,36.93,54.5,27.25
2024-10-18,36.83,54.81,27.405
2024-10-21,36.25,54.45,27.225
2024-10-22,36.11,53.61,26.805
2024-10-23,35.66,53.67,26.835
2024-10-24,35.9,53.77,26.885
2024-10-25,36.15,53.43,26.715
2024-10-28,36.09,53.86,26.93
2024-10-29,36.01,51.91,25.955
2024-10-30,35.85,52.68,26.34
2024-10-31,35.91,52.64,26.32
2024-11-01,35.42,52.39,26.195
2024-11-04,35.5,53.39,26.695
2024-11-05,35.39,53.02,26.51
2024-11-06,35.4,52.91,26.455
2024-11-07,35.51,53.34,26.67
2024-11-08,36.18,52.0,26.0
2024-11-11,36.25,53.0,26.5
2024-11-12,36.93,52.25,26.125
2024-11-13,36.88,52.06,26.03
2024-11-14,37.27,51.6,25.8
2024-11-18,38.2,51.59,25.795
2024-11-19,37.8,52.13,26.065
2024-11-21,37.91,50.55,25.275
2024-11-22,39.42,51.0,25.5
2024-11-25,39.18,51.04,25.52
2024-11-26,39.13,51.88,25.94
2024-11-27,38.99,50.87,25.435
2024-11-28,38.59,49.34,24.67
2024-11-29,38.9,49.52,24.76
2024-12-02,39.15,49.55,24.775
2024-12-03,39.5,51.29,25.645
2024-12-04,39.25,51.05,25.525
2024-12-05,39.64,51.92,25.96
2024-12-06,39.03,51.66,25.83
2024-12-09,40.04,51.07,25.535
2024-12-10,40.19,51.44,25.72
2024-12-11,40.59,52.25,26.125
2024-12-12,38.34,49.76,24.88
2024-12-13,38.1,49.42,24.71
2024-12-16,37.94,49.2,24.6
2024-12-17,38.3,49.25,24.625
2024-12-18,37.31,48.66,24.33
2024-12-19,37.16,49.16,24.58
2024-12-20,36.85,49.65,24.825
2024-12-23,36.86,48.04,24.02
2024-12-26,35.77,48.42,24.21
2024-12-27,35.66,47.16,23.58
2024-12-30,36.19,46.77,23.385
2025-01-02,36.77,47.06,23.53
2025-01-03,36.38,46.86,23.43
2025-01-06,36.21,47.74,23.87
2025-01-07,36.98,48.72,24.36
2025-01-08,36.68,47.25,23.625
2025-01-09,36.84,47.93,23.965
2025-01-10,36.94,46.87,23.435
2025-01-13,37.07,46.84,23.42
2025-01-14,36.82,47.18,23.59
2025-01-15,37.29,48.84,24.42
2025-01-16,37.05,48.5,24.25
2025-01-17,37.2,49.1,24.55
2025-01-20,37.29,49.04,24.52
2025-01-21,37.3,49.82,24.91
2025-01-22,37.09,50.6,25.3
2025-01-23,36.83,50.85,25.425
2025-01-24,36.64,50.56,25.28
2025-01-27,37.18,52.73,26.365
2025-01-28,37.13,51.4,25.7
2025-01-29,36.9,51.04,25.52
2025-01-30,37.39,51.56,25.78
2025-01-31,37.69,51.87,25.935
2025-02-03,37.5,51.55,25.775
2025-02-04,37.13,51.83,25.915
2025-02-05,36.86,51.87,25.935
2025-02-06,36.79,51.02,25.51
2025-02-07,36.58,50.9,25.45
2025-02-10,36.83,50.35,25.175
2025-02-11,36.83,52.31,26.155
2025-02-12,36.28,52.43,26.215
2025-02-13,36.32,53.54,26.77
2025-02-14,37.44,53.85,26.925
2025-02-17,37.67,53.42,26.71
2025-02-18,38.36,53.61,26.805
2025-02-19,38.44,52.73,26.365
2025-02-20,38.5,52.25,26.125
2025-02-21,38.39,52.74,26.37
2025-02-24,38.12,52.9,26.45
2025-02-25,37.95,53.49,26.745
2025-02-26,37.95,49.72,24.86
2025-02-27,36.61,50.23,25.115
2025-02-28,35.93,48.34,24.17
2025-03-05,34.62,48.73,24.365
2025-03-06,34.26,49.0,24.5
2025-03-07,34.63,49.47,24.735
2025-03-10,34.62,49.89,24.945
2025-03-11,34.1,48.94,24.47
2025-03-12,34.1,49.29,24.645
2025-03-13,34.44,49.73,24.865
2025-03-14,35.5,51.16,25.58
2025-03-17,36.16,51.5,25.75
2025-03-18,36.19,51.31,25.655
2025-03-19,36.16,50.59,25.295
2025-03-20,36.24,49.11,24.555
2025-03-21,36.8,49.92,24.96
2025-03-24,36.75,49.73,24.865
2025-03-25,37.04,49.07,24.535
2025-03-26,37.39,50.11,25.055
2025-03-27,37.67,50.39,25.195
2025-03-28,37.43,50.15,25.075
2025-03-31,37.16,49.83,24.915
2025-04-01,37.3,52.3,26.15
2025-04-02,37.2,51.45,25.725
2025-04-03,36.0,52.41,26.205
2025-04-04,34.55,51.05,25.525
2025-04-07,33.18,49.52,24.76
2025-04-08,32.0,50.04,25.02
2025-04-09,33.3,50.73,25.365
2025-04-10,31.23,50.64,25.32
2025-04-11,31.85,50.45,25.225
2025-04-14,31.73,51.0,25.5
2025-04-15,31.0,25.46,25.46
2025-04-16,31.0,25.74,25.74
2025-04-17,30.85,26.41,26.41
2025-04-22,30.92,26.36,26.36
2025-04-23,30.57,26.9,26.9
2025-04-24,30.43,27.32,27.32
2025-04-25,30.52,27.15,27.15
2025-04-28,30.4,27.23,27.23
2025-04-29,30.56,27.43,27.43
2025-04-30,29.99,27.79,27.79
2025-05-02,30.81,27.35,27.35
2025-05-05,29.66,27.54,27.54
2025-05-06,30.15,28.2,28.2
2025-05-07,30.29,28.39,28.39
2025-05-08,30.71,27.91,27.91
2025-05-09,30.91,28.04,28.04
2025-05-12,31.65,27.2,27.2
2025-05-13,32.13,28.35,28.35
2025-05-14,31.91,28.4,28.4
2025-05-15,31.87,28.15,28.15
2025-05-16,32.02,27.81,27.81
2025-05-19,31.98,27.66,27.66
2025-05-20,32.11,27.72,27.72
2025-05-21,31.75,27.51,27.51
2025-05-22,31.33,27.74,27.74
2025-05-23,31.4,27.66,27.66
2025-05-26,31.3,27.91,27.91
2025-05-27,31.53,28.07,28.07
2025-05-28,31.43,28.25,28.25
2025-05-29,31.24,28.06,28.06
2025-05-30,30.9,28.66,28.66
2025-06-02,31.08,28.96,28.96
2025-06-03,30.18,29.18,29.18
2025-06-04,29.35,29.5,29.5
2025-06-05,29.36,28.89,28.89
2025-06-06,29.63,28.78,28.78
2025-06-09,29.17,28.86,28.86
2025-06-10,30.05,29.0,29.0
2025-06-11,31.05,29.7,29.7
2025-06-12,31.75,29.75,29.75
2025-06-13,32.53,29.79,29.79
2025-06-16,32.21,30.19,30.19
2025-06-17,32.94,30.09,30.09
2025-06-18,32.91,29.84,29.84
2025-06-20,32.82,30.28,30.28
2025-06-23,32.0,30.45,30.45
2025-06-24,31.37,30.54,30.54
2025-06-25,31.21,29.84,29.84
2025-06-26,31.46,30.48,30.48
2025-06-27,31.21,30.4,30.4
2025-06-30,31.38,30.89,30.89
2025-07-01,31.49,31.26,31.26
2025-07-02,32.05,31.5,31.5
2025-07-03,32.16,32.14,32.14
2025-07-04,32.12,32.4,32.4
2025-07-07,32.06,32.11,32.11
2025-07-08,32.52,31.56,31.56
2025-07-09,32.32,31.68,31.68
2025-07-10,32.24,32.0,32.0
2025-07-11,32.63,32.1,32.1
2025-07-14,32.2,31.11,31.11
2025-07-15,31.95,31.28,31.28
2025-07-16,31.79,31.35,31.35
2025-07-17,31.47,31.29,31.29
2025-07-18,30.99,30.95,30.95
2025-07-21,31.05,31.0,31.0
2025-07-22,31.35,30.31,30.31
2025-07-23,31.99,30.7,30.7
2025-07-24,31.94,30.75,30.75
2025-07-25,31.98,30.7,30.7
2025-07-28,32.02,30.54,30.54
2025-07-29,32.44,30.55,30.55
2025-07-30,32.77,31.15,31.15
2025-07-31,32.64,31.48,31.48
2025-08-01,32.21,31.58,31.58
2025-08-04,32.16,31.93,31.93
2025-08-05,32.31,32.05,32.05
2025-08-06,32.35,32.7,32.7
2025-08-07,32.53,32.94,32.94
2025-08-08,30.53,32.92,32.92
2025-08-11,30.72,33.24,33.24
2025-08-12,30.8,32.95,32.95
2025-08-13,30.57,33.09,33.09
2025-08-14,30.18,33.17,33.17
2025-08-15,30.17,33.43,33.43
2025-08-18,30.36,33.94,33.94
2025-08-19,30.04,33.9,33.9
2025-08-20,30.22,33.94,33.94
2025-08-21,30.29,34.06,34.06
2025-08-22,30.47,34.4,34.4
2025-08-25,30.65,34.83,34.83
2025-08-26,30.43,34.45,34.45
2025-08-27,30.66,34.09,34.09
2025-08-28,30.93,33.94,33.94
2025-08-29,31.1,33.87,33.87
2025-09-01,31.17,33.76,33.76
2025-09-02,31.33,33.46,33.46
2025-09-03,31.06,33.48,33.48
2025-09-04,31.06,33.59,33.59
2025-09-05,30.59,34.0,34.0
2025-09-08,30.71,33.59,33.59
2025-09-09,30.95,33.43,33.43
2025-09-10,31.51,33.21,33.21
2025-09-11,31.39,33.47,33.47
2025-09-12,31.18,33.53,33.53
2025-09-15,31.45,33.82,33.82
2025-09-16,31.53,33.38,33.38
2025-09-17,31.72,33.93,33.93
2025-09-18,31.41,33.72,33.72
2025-09-19,31.06,33.54,33.54
2025-09-22,31.37,33.5,33.5
2025-09-23,31.9,33.43,33.43
2025-09-24,32.62,33.42,33.42
2025-09-25,32.36,33.05,33.05
2025-09-26,32.25,32.98,32.98
2025-09-29,31.81,33.52,33.52
2025-09-30,31.46,34.07,34.07
2025-10-01,31.38,33.88,33.88
2025-10-02,31.08,33.27,33.27
2025-10-03,31.0,33.31,33.31
2025-10-06,30.72,33.03,33.03
2025-10-07,30.83,32.29,32.29
2025-10-08,30.65,32.4,32.4
2025-10-09,30.21,32.34,32.34
2025-10-10,29.94,32.36,32.36
2025-10-13,30.23,32.27,32.27
2025-10-14,30.02,32.29,32.29
2025-10-15,29.75,32.54,32.54
2025-10-16,29.45,32.54,32.54
2025-10-17,29.73,33.0,33.0
2025-10-20,29.75,32.89,32.89
2025-10-21,29.51,33.05,33.05
2025-10-22,29.85,33.13,33.13
2025-10-23,30.19,33.56,33.56
2025-10-24,29.84,34.4,34.4
2025-10-27,30.0,34.6,34.6
2025-10-28,29.99,34.51,34.51
2025-10-29,30.02,34.27,34.27
2025-10-30,29.89,34.08,34.08
2025-10-31,29.75,32.04,32.04
2025-11-03,30.1,32.25,32.25
2025-11-04,30.25,33.02,33.02
2025-11-05,30.85,33.85,33.85
2025-11-06,31.01,33.57,33.57
2025-11-07,32.18,33.63,33.63
2025-11-10,32.36,33.39,33.39
2025-11-11,33.2,34.67,34.67
2025-11-12,32.35,35.18,35.18
2025-11-13,32.49,35.2,35.2
2025-11-14,32.7,34.8,34.8
2025-11-17,32.88,34.23,34.23
2025-11-18,32.99,34.84,34.84
2025-11-19,32.82,34.38,34.38
2025-11-21,32.57,34.48,34.48
2025-11-24,32.54,34.71,34.71
2025-11-25,32.28,34.79,34.79
2025-11-26,32.23,35.11,35.11
2025-11-27,32.4,35.25,35.25
2025-11-28,31.79,35.43,35.43
2025-12-01,31.85,34.82,34.82
2025-12-02,32.07,35.09,35.09
2025-12-03,32.31,34.31,34.31
2025-12-04,32.52,35.01,35.01
2025-12-05,31.37,33.38,33.38
2025-12-08,31.66,33.7,33.7
2025-12-09,31.86,33.38,33.38
2025-12-10,31.94,34.07,34.07
2025-12-11,31.26,33.28,33.28
2025-12-12,31.59,33.45,33.45
2025-12-15,31.7,33.89,33.89
2025-12-16,30.74,32.66,32.66
2025-12-17,31.08,32.87,32.87
2025-12-18,30.9,32.91,32.91
2025-12-19,31.01,32.82,32.82
2025-12-22,31.1,32.46,32.46
2025-12-23,30.31,32.58,32.58
2025-12-26,30.41,33.02,33.02
2025-12-29,30.73,33.04,33.04
2025-12-30,30.82,33.1,33.1
2026-01-02,30.71,32.74,32.74
2026-01-05,30.2,33.09,33.09
2026-01-06,29.64,33.09,33.09
2026-01-07,29.83,32.76,32.76
2026-01-08,30.2,33.17,33.17
2026-01-09,30.3,33.4,33.4
2026-01-12,30.36,33.45,33.45
2026-01-13,31.14,32.37,32.37
2026-01-14,31.99,33.06,33.06
2026-01-15,31.79,32.71,32.71
2026-01-16,32.04,32.47,32.47
2026-01-19,32.17,32.75,32.75
2026-01-20,32.29,34.05,34.05
2026-01-21,33.43,34.55,34.55
2026-01-22,33.58,36.11,36.11
2026-01-23,35.04,37.01,37.01
2026-01-26,35.36,37.0,37.0
2026-01-27,36.13,37.25,37.25
2026-01-28,37.34,37.86,37.86
2026-01-29,37.7,37.49,37.49
2026-01-30,37.76,37.38,37.38
2026-02-02,37.24,37.46,37.46
2026-02-03,37.58,38.53,38.53
2026-02-04,37.52,38.13,38.13
2026-02-05,37.0,38.81,38.81
2026-02-06,36.65,38.9,38.9
2026-02-09,37.32,39.72,39.72
2026-02-10,37.35,40.5,40.5
2026-02-11,38.08,40.81,40.81
2026-02-12,37.11,41.53,41.53
2026-02-13,36.89,40.99,40.99
2026-02-18,37.19,40.58,40.58
2026-02-19,37.81,40.89,40.89
2026-02-20,37.97,40.7,40.7
2026-02-23,38.59,42.03,42.03
2026-02-24,39.57,42.52,42.52
2026-02-25,39.57,42.07,42.07
2026-02-26,39.61,42.82,42.82
2026-02-27,39.33,43.18,43.18
2026-03-02,41.13,42.26,42.26
2026-03-03,40.95,41.57,41.57
2026-03-04,40.5,42.61,42.61
2026-03-05,40.69,41.75,41.75
2026-03-06,42.11,41.47,41.47
2026-03-09,43.16,41.49,41.49
2026-03-10,42.93,42.09,42.09
2026-03-11,44.8,41.3,41.3
2026-03-12,45.0,40.48,40.48
2026-03-13,44.67,40.64,40.64
2026-03-16,45.58,40.59,40.59
2026-03-17,46.38,40.99,40.99
2026-03-18,47.0,40.63,40.63
2026-03-19,46.78,40.83,40.83
2026-03-20,45.67,40.27,40.27
2026-03-23,46.03,40.47,40.47
2026-03-24,47.27,41.05,41.05
2026-03-25,47.5,41.32,41.32
2026-03-26,48.02,40.16,40.16
2026-03-27,49.41,40.01,40.01
2026-03-30,49.67,39.98,39.98
2026-03-31,48.67,41.23,41.23
2026-04-01,47.37,41.65,41.65
2026-04-02,48.15,41.31,41.31
2026-04-06,48.94,40.71,40.71
2026-04-07,48.51,40.98,40.98
2026-04-08,46.61,42.25,42.25
2026-04-09,47.9,42.75,42.75
2026-04-10,49.03,42.94,42.94
2026-04-13,49.78,41.85,41.85
2026-04-14,47.88,41.43,41.43
2026-04-15,46.89,41.79,41.79
2026-04-16,48.58,40.95,40.95
2026-04-17,46.22,40.69,40.69
2026-04-20,47.02,41.01,41.01
2026-04-22,47.67,39.45,39.45
2026-04-23,47.77,39.94,39.94
2026-04-24,47.16,40.18,40.18
2026-04-27,47.37,39.71,39.71
2026-04-28,47.52,38.92,38.92
2026-04-29,48.96,38.05,38.05
2026-04-30,49.08,39.25,39.25
2026-05-04,49.34,39.05,39.05
2026-05-05,48.66,39.73,39.73
2026-05-06,47.27,39.19,39.19
2026-05-07,46.22,38.11,38.11
2026-05-08,45.67,38.36,38.36
2026-05-11,46.43,36.02,36.02
2026-05-12,45.68,36.33,36.33
2026-05-13,44.57,35.57,35.57
2026-05-14,45.0,35.59,35.59
2026-05-15,45.47,35.52,35.52
2026-05-18,46.44,35.29,35.29
2026-05-19,46.09,34.59,34.59
2026-05-20,44.6,35.4,35.4
2026-05-21,44.95,35.29,35.29
2026-05-22,44.48,34.81,34.81
2026-05-25,43.4,33.54,33.54
2026-05-26,43.44,33.85,33.85
2026-05-27,42.82,33.93,33.93
2026-05-28,42.51,33.6,33.6
2026-05-29,42.0,33.82,33.82
2026-06-01,42.37,33.25,33.25
2026-06-02,41.57,33.8,33.8
2026-06-03,41.25,33.75,33.75
2026-06-05,40.89,32.95,32.95
2026-06-08,41.22,33.33,33.33
2026-06-09,41.17,32.95,32.95
2026-06-10,41.65,33.26,33.26
2026-06-11,41.76,33.86,33.86
2026-06-12,41.18,33.53,33.53
2026-06-15,39.06,33.14,33.14
2026-06-16,38.54,33.58,33.58
2026-06-17,38.57,32.86,32.86
2026-06-18,38.85,32.68,32.68
2026-06-19,38.8,32.46,32.46
2026-06-22,39.17,33.54,33.54
2026-06-23,39.33,34.28,34.28
2026-06-24,38.29,34.25,34.25
2026-06-25,38.45,34.57,34.57
2026-06-26,38.06,34.79,34.79
2026-06-29,38.14,34.4,34.4
2026-06-30,37.8,33.95,33.95
2026-07-01,37.83,33.78,33.78
2026-07-02,37.96,34.61,34.61
2026-07-03,38.25,34.75,34.75
2026-07-06,37.77,34.5,34.5
2026-07-07,38.44,34.31,34.31
2026-07-08,39.65,34.31,34.31
2026-07-09,39.21,34.5,34.5
2026-07-10,39.65,35.75,35.75
2026-07-13,40.66,34.73,34.73
2026-07-14,40.66,35.52,35.52
2026-07-15,40.59,35.47,35.47
2026-07-16,39.89,35.47,35.47
2026-07-17,40.9,35.52,35.52
2026-07-20,41.15,35.67,35.67
2026-07-21,41.66,35.8,35.8
2026-07-22,42.58,35.38,35.38
2026-07-23,42.95,34.7,34.7
2026-07-24,42.21,35.47,35.47
2026-07-27,41.01,36.11,36.11
2026-07-28,41.21,33.83,33.83
2026-07-29,42.0,32.54,32.54
2026-07-30,42.84,32.63,32.63
2026-07-31,43.42,32.63,32.63
2026-08-03,43.05,32.3,32.3
2026-08-04,42.5,31.65,31.65
2026-08-05,41.93,31.21,31.21
2026-08-06,42.13,30.89,30.89
2026-08-07,40.87,30.58,30.58
2026-08-10,42.23,30.55,30.55
2026-08-11,41.66,30.14,30.14
2026-08-12,41.45,29.93,29.93
2026-08-13,41.9,29.4,29.4
2026-08-14,42.09,29.74,29.74
2026-08-17,42.47,29.74,29.74
2026-08-18,42.6,29.45,29.45
2026-08-19,43.11,29.79,29.79
2026-08-20,44.32,29.28,29.28
