TICKER;DENOM_CIA;CD_CVM;DT_REFER;ORDEM_EXERC;DT_FIM_EXERC;CD_CONTA;DS_CONTA;VL_CONTA;ESCALA_MOEDA;MOEDA;ST_CONTA_FIXA
RAIL3;RUMO S.A.;017450;2025-12-31;PENÚLTIMO;2024-12-31;3.01;Receita de Venda de Bens e/ou Serviços;13936389.0000000000;MIL;REAL;S
RAIL3;RUMO S.A.;017450;2025-12-31;ÚLTIMO;2025-12-31;3.01;Receita de Venda de Bens e/ou Serviços;13847776.0000000000;MIL;REAL;S
RAIL3;RUMO S.A.;017450;2025-12-31;PENÚLTIMO;2024-12-31;3.02;Custo dos Bens e/ou Serviços Vendidos;-7533536.0000000000;MIL;REAL;S
RAIL3;RUMO S.A.;017450;2025-12-31;ÚLTIMO;2025-12-31;3.02;Custo dos Bens e/ou Serviços Vendidos;-7562149.0000000000;MIL;REAL;S
RAIL3;RUMO S.A.;017450;2025-12-31;PENÚLTIMO;2024-12-31;3.03;Resultado Bruto;6402853.0000000000;MIL;REAL;S
RAIL3;RUMO S.A.;017450;2025-12-31;ÚLTIMO;2025-12-31;3.03;Resultado Bruto;6285627.0000000000;MIL;REAL;S
RAIL3;RUMO S.A.;017450;2025-12-31;PENÚLTIMO;2024-12-31;3.04;Despesas/Receitas Operacionais;-3973766.0000000000;MIL;REAL;S
RAIL3;RUMO S.A.;017450;2025-12-31;ÚLTIMO;2025-12-31;3.04;Despesas/Receitas Operacionais;-1705963.0000000000;MIL;REAL;S
RAIL3;RUMO S.A.;017450;2025-12-31;PENÚLTIMO;2024-12-31;3.04.01;Despesas com Vendas;-49006.0000000000;MIL;REAL;S
RAIL3;RUMO S.A.;017450;2025-12-31;ÚLTIMO;2025-12-31;3.04.01;Despesas com Vendas;-58352.0000000000;MIL;REAL;S
RAIL3;RUMO S.A.;017450;2025-12-31;PENÚLTIMO;2024-12-31;3.04.02;Despesas Gerais e Administrativas;-661678.0000000000;MIL;REAL;S
RAIL3;RUMO S.A.;017450;2025-12-31;ÚLTIMO;2025-12-31;3.04.02;Despesas Gerais e Administrativas;-637450.0000000000;MIL;REAL;S
RAIL3;RUMO S.A.;017450;2025-12-31;PENÚLTIMO;2024-12-31;3.04.03;Perdas pela Não Recuperabilidade de Ativos;-3149244.0000000000;MIL;REAL;S
RAIL3;RUMO S.A.;017450;2025-12-31;ÚLTIMO;2025-12-31;3.04.03;Perdas pela Não Recuperabilidade de Ativos;-1227872.0000000000;MIL;REAL;S
RAIL3;RUMO S.A.;017450;2025-12-31;PENÚLTIMO;2024-12-31;3.04.04;Outras Receitas Operacionais;0.0000000000;MIL;REAL;S
RAIL3;RUMO S.A.;017450;2025-12-31;ÚLTIMO;2025-12-31;3.04.04;Outras Receitas Operacionais;123459.0000000000;MIL;REAL;S
RAIL3;RUMO S.A.;017450;2025-12-31;PENÚLTIMO;2024-12-31;3.04.05;Outras Despesas Operacionais;-146741.0000000000;MIL;REAL;S
RAIL3;RUMO S.A.;017450;2025-12-31;ÚLTIMO;2025-12-31;3.04.05;Outras Despesas Operacionais;0.0000000000;MIL;REAL;S
RAIL3;RUMO S.A.;017450;2025-12-31;PENÚLTIMO;2024-12-31;3.04.06;Resultado de Equivalência Patrimonial;32903.0000000000;MIL;REAL;S
RAIL3;RUMO S.A.;017450;2025-12-31;ÚLTIMO;2025-12-31;3.04.06;Resultado de Equivalência Patrimonial;94252.0000000000;MIL;REAL;S
RAIL3;RUMO S.A.;017450;2025-12-31;PENÚLTIMO;2024-12-31;3.05;Resultado Antes do Resultado Financeiro e dos Tributos;2429087.0000000000;MIL;REAL;S
RAIL3;RUMO S.A.;017450;2025-12-31;ÚLTIMO;2025-12-31;3.05;Resultado Antes do Resultado Financeiro e dos Tributos;4579664.0000000000;MIL;REAL;S
RAIL3;RUMO S.A.;017450;2025-12-31;PENÚLTIMO;2024-12-31;3.06;Resultado Financeiro;-2577844.0000000000;MIL;REAL;S
RAIL3;RUMO S.A.;017450;2025-12-31;ÚLTIMO;2025-12-31;3.06;Resultado Financeiro;-3025182.0000000000;MIL;REAL;S
RAIL3;RUMO S.A.;017450;2025-12-31;PENÚLTIMO;2024-12-31;3.06.01;Receitas Financeiras;2120250.0000000000;MIL;REAL;S
RAIL3;RUMO S.A.;017450;2025-12-31;ÚLTIMO;2025-12-31;3.06.01;Receitas Financeiras;-430132.0000000000;MIL;REAL;S
RAIL3;RUMO S.A.;017450;2025-12-31;PENÚLTIMO;2024-12-31;3.06.01.01;Derivativos;1018114.0000000000;MIL;REAL;N
RAIL3;RUMO S.A.;017450;2025-12-31;ÚLTIMO;2025-12-31;3.06.01.01;Derivativos;-1898690.0000000000;MIL;REAL;N
RAIL3;RUMO S.A.;017450;2025-12-31;PENÚLTIMO;2024-12-31;3.06.01.02;Receitas financeiras;1102136.0000000000;MIL;REAL;N
RAIL3;RUMO S.A.;017450;2025-12-31;ÚLTIMO;2025-12-31;3.06.01.02;Receitas financeiras;1468558.0000000000;MIL;REAL;N
RAIL3;RUMO S.A.;017450;2025-12-31;PENÚLTIMO;2024-12-31;3.06.02;Despesas Financeiras;-4698094.0000000000;MIL;REAL;S
RAIL3;RUMO S.A.;017450;2025-12-31;ÚLTIMO;2025-12-31;3.06.02;Despesas Financeiras;-2595050.0000000000;MIL;REAL;S
RAIL3;RUMO S.A.;017450;2025-12-31;PENÚLTIMO;2024-12-31;3.06.02.01;Despesas financeiras;-3242246.0000000000;MIL;REAL;N
RAIL3;RUMO S.A.;017450;2025-12-31;ÚLTIMO;2025-12-31;3.06.02.01;Despesas financeiras;-3281087.0000000000;MIL;REAL;N
RAIL3;RUMO S.A.;017450;2025-12-31;PENÚLTIMO;2024-12-31;3.06.02.02;Variação cambial, líquida;-1455848.0000000000;MIL;REAL;N
RAIL3;RUMO S.A.;017450;2025-12-31;ÚLTIMO;2025-12-31;3.06.02.02;Variação cambial, líquida;686037.0000000000;MIL;REAL;N
RAIL3;RUMO S.A.;017450;2025-12-31;PENÚLTIMO;2024-12-31;3.07;Resultado Antes dos Tributos sobre o Lucro;-148757.0000000000;MIL;REAL;S
RAIL3;RUMO S.A.;017450;2025-12-31;ÚLTIMO;2025-12-31;3.07;Resultado Antes dos Tributos sobre o Lucro;1554482.0000000000;MIL;REAL;S
RAIL3;RUMO S.A.;017450;2025-12-31;PENÚLTIMO;2024-12-31;3.08;Imposto de Renda e Contribuição Social sobre o Lucro;-800485.0000000000;MIL;REAL;S
RAIL3;RUMO S.A.;017450;2025-12-31;ÚLTIMO;2025-12-31;3.08;Imposto de Renda e Contribuição Social sobre o Lucro;-689357.0000000000;MIL;REAL;S
RAIL3;RUMO S.A.;017450;2025-12-31;PENÚLTIMO;2024-12-31;3.08.01;Corrente;-556221.0000000000;MIL;REAL;S
RAIL3;RUMO S.A.;017450;2025-12-31;ÚLTIMO;2025-12-31;3.08.01;Corrente;-486750.0000000000;MIL;REAL;S
RAIL3;RUMO S.A.;017450;2025-12-31;PENÚLTIMO;2024-12-31;3.08.02;Diferido;-244264.0000000000;MIL;REAL;S
RAIL3;RUMO S.A.;017450;2025-12-31;ÚLTIMO;2025-12-31;3.08.02;Diferido;-202607.0000000000;MIL;REAL;S
RAIL3;RUMO S.A.;017450;2025-12-31;PENÚLTIMO;2024-12-31;3.09;Resultado Líquido das Operações Continuadas;-949242.0000000000;MIL;REAL;S
RAIL3;RUMO S.A.;017450;2025-12-31;ÚLTIMO;2025-12-31;3.09;Resultado Líquido das Operações Continuadas;865125.0000000000;MIL;REAL;S
RAIL3;RUMO S.A.;017450;2025-12-31;PENÚLTIMO;2024-12-31;3.10;Resultado Líquido de Operações Descontinuadas;0.0000000000;MIL;REAL;S
RAIL3;RUMO S.A.;017450;2025-12-31;ÚLTIMO;2025-12-31;3.10;Resultado Líquido de Operações Descontinuadas;0.0000000000;MIL;REAL;S
RAIL3;RUMO S.A.;017450;2025-12-31;PENÚLTIMO;2024-12-31;3.10.01;Lucro/Prejuízo Líquido das Operações Descontinuadas;0.0000000000;MIL;REAL;S
RAIL3;RUMO S.A.;017450;2025-12-31;ÚLTIMO;2025-12-31;3.10.01;Lucro/Prejuízo Líquido das Operações Descontinuadas;0.0000000000;MIL;REAL;S
RAIL3;RUMO S.A.;017450;2025-12-31;PENÚLTIMO;2024-12-31;3.10.02;Ganhos/Perdas Líquidas sobre Ativos de Operações Descontinuadas;0.0000000000;MIL;REAL;S
RAIL3;RUMO S.A.;017450;2025-12-31;ÚLTIMO;2025-12-31;3.10.02;Ganhos/Perdas Líquidas sobre Ativos de Operações Descontinuadas;0.0000000000;MIL;REAL;S
RAIL3;RUMO S.A.;017450;2025-12-31;PENÚLTIMO;2024-12-31;3.11;Lucro/Prejuízo Consolidado do Período;-949242.0000000000;MIL;REAL;S
RAIL3;RUMO S.A.;017450;2025-12-31;ÚLTIMO;2025-12-31;3.11;Lucro/Prejuízo Consolidado do Período;865125.0000000000;MIL;REAL;S
RAIL3;RUMO S.A.;017450;2025-12-31;PENÚLTIMO;2024-12-31;3.11.01;Atribuído a Sócios da Empresa Controladora;-959247.0000000000;MIL;REAL;S
RAIL3;RUMO S.A.;017450;2025-12-31;ÚLTIMO;2025-12-31;3.11.01;Atribuído a Sócios da Empresa Controladora;847057.0000000000;MIL;REAL;S
RAIL3;RUMO S.A.;017450;2025-12-31;PENÚLTIMO;2024-12-31;3.11.02;Atribuído a Sócios Não Controladores;10005.0000000000;MIL;REAL;S
RAIL3;RUMO S.A.;017450;2025-12-31;ÚLTIMO;2025-12-31;3.11.02;Atribuído a Sócios Não Controladores;18068.0000000000;MIL;REAL;S
RAIL3;RUMO S.A.;017450;2025-12-31;PENÚLTIMO;2024-12-31;3.99;Lucro por Ação - (Reais / Ação);0.0000000000;MIL;REAL;N
RAIL3;RUMO S.A.;017450;2025-12-31;ÚLTIMO;2025-12-31;3.99;Lucro por Ação - (Reais / Ação);0.0000000000;MIL;REAL;N
RAIL3;RUMO S.A.;017450;2025-12-31;PENÚLTIMO;2024-12-31;3.99.01;Lucro Básico por Ação;0.0000000000;MIL;REAL;N
RAIL3;RUMO S.A.;017450;2025-12-31;ÚLTIMO;2025-12-31;3.99.01;Lucro Básico por Ação;0.0000000000;MIL;REAL;N
RAIL3;RUMO S.A.;017450;2025-12-31;PENÚLTIMO;2024-12-31;3.99.01.01;ON;-0.5185000000;MIL;REAL;N
RAIL3;RUMO S.A.;017450;2025-12-31;ÚLTIMO;2025-12-31;3.99.01.01;ON;0.4562400000;MIL;REAL;N
RAIL3;RUMO S.A.;017450;2025-12-31;PENÚLTIMO;2024-12-31;3.99.02;Lucro Diluído por Ação;0.0000000000;MIL;REAL;N
RAIL3;RUMO S.A.;017450;2025-12-31;ÚLTIMO;2025-12-31;3.99.02;Lucro Diluído por Ação;0.0000000000;MIL;REAL;N
RAIL3;RUMO S.A.;017450;2025-12-31;PENÚLTIMO;2024-12-31;3.99.02.01;ON;-0.5185000000;MIL;REAL;N
RAIL3;RUMO S.A.;017450;2025-12-31;ÚLTIMO;2025-12-31;3.99.02.01;ON;0.4558800000;MIL;REAL;N
HAPV3;HAPVIDA PARTICIPAÇÕES E INVESTIMENTOS S.A.;024392;2025-12-31;PENÚLTIMO;2024-12-31;3.01;Receita de Venda de Bens e/ou Serviços;28914698.0000000000;MIL;REAL;S
HAPV3;HAPVIDA PARTICIPAÇÕES E INVESTIMENTOS S.A.;024392;2025-12-31;ÚLTIMO;2025-12-31;3.01;Receita de Venda de Bens e/ou Serviços;31577240.0000000000;MIL;REAL;S
HAPV3;HAPVIDA PARTICIPAÇÕES E INVESTIMENTOS S.A.;024392;2025-12-31;PENÚLTIMO;2024-12-31;3.01.01;Receita líquida de serviços prestados;727536.0000000000;MIL;REAL;N
HAPV3;HAPVIDA PARTICIPAÇÕES E INVESTIMENTOS S.A.;024392;2025-12-31;ÚLTIMO;2025-12-31;3.01.01;Receita líquida de serviços prestados;695388.0000000000;MIL;REAL;N
HAPV3;HAPVIDA PARTICIPAÇÕES E INVESTIMENTOS S.A.;024392;2025-12-31;PENÚLTIMO;2024-12-31;3.01.02;Receita de seguros;28187162.0000000000;MIL;REAL;N
HAPV3;HAPVIDA PARTICIPAÇÕES E INVESTIMENTOS S.A.;024392;2025-12-31;ÚLTIMO;2025-12-31;3.01.02;Receita de seguros;30881852.0000000000;MIL;REAL;N
HAPV3;HAPVIDA PARTICIPAÇÕES E INVESTIMENTOS S.A.;024392;2025-12-31;PENÚLTIMO;2024-12-31;3.02;Custo dos Bens e/ou Serviços Vendidos;-25613945.0000000000;MIL;REAL;S
HAPV3;HAPVIDA PARTICIPAÇÕES E INVESTIMENTOS S.A.;024392;2025-12-31;ÚLTIMO;2025-12-31;3.02;Custo dos Bens e/ou Serviços Vendidos;-27853701.0000000000;MIL;REAL;S
HAPV3;HAPVIDA PARTICIPAÇÕES E INVESTIMENTOS S.A.;024392;2025-12-31;PENÚLTIMO;2024-12-31;3.02.01;Custos dos serviços prestados;-1322273.0000000000;MIL;REAL;N
HAPV3;HAPVIDA PARTICIPAÇÕES E INVESTIMENTOS S.A.;024392;2025-12-31;ÚLTIMO;2025-12-31;3.02.01;Custos dos serviços prestados;-801424.0000000000;MIL;REAL;N
HAPV3;HAPVIDA PARTICIPAÇÕES E INVESTIMENTOS S.A.;024392;2025-12-31;PENÚLTIMO;2024-12-31;3.02.02;Despesa de seguros;-24291672.0000000000;MIL;REAL;N
HAPV3;HAPVIDA PARTICIPAÇÕES E INVESTIMENTOS S.A.;024392;2025-12-31;ÚLTIMO;2025-12-31;3.02.02;Despesa de seguros;-27052277.0000000000;MIL;REAL;N
HAPV3;HAPVIDA PARTICIPAÇÕES E INVESTIMENTOS S.A.;024392;2025-12-31;PENÚLTIMO;2024-12-31;3.03;Resultado Bruto;3300753.0000000000;MIL;REAL;S
HAPV3;HAPVIDA PARTICIPAÇÕES E INVESTIMENTOS S.A.;024392;2025-12-31;ÚLTIMO;2025-12-31;3.03;Resultado Bruto;3723539.0000000000;MIL;REAL;S
HAPV3;HAPVIDA PARTICIPAÇÕES E INVESTIMENTOS S.A.;024392;2025-12-31;PENÚLTIMO;2024-12-31;3.04;Despesas/Receitas Operacionais;-2559762.0000000000;MIL;REAL;S
HAPV3;HAPVIDA PARTICIPAÇÕES E INVESTIMENTOS S.A.;024392;2025-12-31;ÚLTIMO;2025-12-31;3.04;Despesas/Receitas Operacionais;-2266913.0000000000;MIL;REAL;S
HAPV3;HAPVIDA PARTICIPAÇÕES E INVESTIMENTOS S.A.;024392;2025-12-31;PENÚLTIMO;2024-12-31;3.04.01;Despesas com Vendas;-332262.0000000000;MIL;REAL;S
HAPV3;HAPVIDA PARTICIPAÇÕES E INVESTIMENTOS S.A.;024392;2025-12-31;ÚLTIMO;2025-12-31;3.04.01;Despesas com Vendas;-574506.0000000000;MIL;REAL;S
HAPV3;HAPVIDA PARTICIPAÇÕES E INVESTIMENTOS S.A.;024392;2025-12-31;PENÚLTIMO;2024-12-31;3.04.02;Despesas Gerais e Administrativas;-2263655.0000000000;MIL;REAL;S
HAPV3;HAPVIDA PARTICIPAÇÕES E INVESTIMENTOS S.A.;024392;2025-12-31;ÚLTIMO;2025-12-31;3.04.02;Despesas Gerais e Administrativas;-1914529.0000000000;MIL;REAL;S
HAPV3;HAPVIDA PARTICIPAÇÕES E INVESTIMENTOS S.A.;024392;2025-12-31;PENÚLTIMO;2024-12-31;3.04.03;Perdas pela Não Recuperabilidade de Ativos;0.0000000000;MIL;REAL;S
HAPV3;HAPVIDA PARTICIPAÇÕES E INVESTIMENTOS S.A.;024392;2025-12-31;ÚLTIMO;2025-12-31;3.04.03;Perdas pela Não Recuperabilidade de Ativos;0.0000000000;MIL;REAL;S
HAPV3;HAPVIDA PARTICIPAÇÕES E INVESTIMENTOS S.A.;024392;2025-12-31;PENÚLTIMO;2024-12-31;3.04.04;Outras Receitas Operacionais;36155.0000000000;MIL;REAL;S
HAPV3;HAPVIDA PARTICIPAÇÕES E INVESTIMENTOS S.A.;024392;2025-12-31;ÚLTIMO;2025-12-31;3.04.04;Outras Receitas Operacionais;222122.0000000000;MIL;REAL;S
HAPV3;HAPVIDA PARTICIPAÇÕES E INVESTIMENTOS S.A.;024392;2025-12-31;PENÚLTIMO;2024-12-31;3.04.05;Outras Despesas Operacionais;0.0000000000;MIL;REAL;S
HAPV3;HAPVIDA PARTICIPAÇÕES E INVESTIMENTOS S.A.;024392;2025-12-31;ÚLTIMO;2025-12-31;3.04.05;Outras Despesas Operacionais;0.0000000000;MIL;REAL;S
HAPV3;HAPVIDA PARTICIPAÇÕES E INVESTIMENTOS S.A.;024392;2025-12-31;PENÚLTIMO;2024-12-31;3.04.06;Resultado de Equivalência Patrimonial;0.0000000000;MIL;REAL;S
HAPV3;HAPVIDA PARTICIPAÇÕES E INVESTIMENTOS S.A.;024392;2025-12-31;ÚLTIMO;2025-12-31;3.04.06;Resultado de Equivalência Patrimonial;0.0000000000;MIL;REAL;S
HAPV3;HAPVIDA PARTICIPAÇÕES E INVESTIMENTOS S.A.;024392;2025-12-31;PENÚLTIMO;2024-12-31;3.05;Resultado Antes do Resultado Financeiro e dos Tributos;740991.0000000000;MIL;REAL;S
HAPV3;HAPVIDA PARTICIPAÇÕES E INVESTIMENTOS S.A.;024392;2025-12-31;ÚLTIMO;2025-12-31;3.05;Resultado Antes do Resultado Financeiro e dos Tributos;1456626.0000000000;MIL;REAL;S
HAPV3;HAPVIDA PARTICIPAÇÕES E INVESTIMENTOS S.A.;024392;2025-12-31;PENÚLTIMO;2024-12-31;3.06;Resultado Financeiro;-1208268.0000000000;MIL;REAL;S
HAPV3;HAPVIDA PARTICIPAÇÕES E INVESTIMENTOS S.A.;024392;2025-12-31;ÚLTIMO;2025-12-31;3.06;Resultado Financeiro;-1690469.0000000000;MIL;REAL;S
HAPV3;HAPVIDA PARTICIPAÇÕES E INVESTIMENTOS S.A.;024392;2025-12-31;PENÚLTIMO;2024-12-31;3.06.01;Receitas Financeiras;1146696.0000000000;MIL;REAL;S
HAPV3;HAPVIDA PARTICIPAÇÕES E INVESTIMENTOS S.A.;024392;2025-12-31;ÚLTIMO;2025-12-31;3.06.01;Receitas Financeiras;1729740.0000000000;MIL;REAL;S
HAPV3;HAPVIDA PARTICIPAÇÕES E INVESTIMENTOS S.A.;024392;2025-12-31;PENÚLTIMO;2024-12-31;3.06.02;Despesas Financeiras;-2354964.0000000000;MIL;REAL;S
HAPV3;HAPVIDA PARTICIPAÇÕES E INVESTIMENTOS S.A.;024392;2025-12-31;ÚLTIMO;2025-12-31;3.06.02;Despesas Financeiras;-3420209.0000000000;MIL;REAL;S
HAPV3;HAPVIDA PARTICIPAÇÕES E INVESTIMENTOS S.A.;024392;2025-12-31;PENÚLTIMO;2024-12-31;3.07;Resultado Antes dos Tributos sobre o Lucro;-467277.0000000000;MIL;REAL;S
HAPV3;HAPVIDA PARTICIPAÇÕES E INVESTIMENTOS S.A.;024392;2025-12-31;ÚLTIMO;2025-12-31;3.07;Resultado Antes dos Tributos sobre o Lucro;-233843.0000000000;MIL;REAL;S
HAPV3;HAPVIDA PARTICIPAÇÕES E INVESTIMENTOS S.A.;024392;2025-12-31;PENÚLTIMO;2024-12-31;3.08;Imposto de Renda e Contribuição Social sobre o Lucro;-188064.0000000000;MIL;REAL;S
HAPV3;HAPVIDA PARTICIPAÇÕES E INVESTIMENTOS S.A.;024392;2025-12-31;ÚLTIMO;2025-12-31;3.08;Imposto de Renda e Contribuição Social sobre o Lucro;91672.0000000000;MIL;REAL;S
HAPV3;HAPVIDA PARTICIPAÇÕES E INVESTIMENTOS S.A.;024392;2025-12-31;PENÚLTIMO;2024-12-31;3.08.01;Corrente;-119255.0000000000;MIL;REAL;S
HAPV3;HAPVIDA PARTICIPAÇÕES E INVESTIMENTOS S.A.;024392;2025-12-31;ÚLTIMO;2025-12-31;3.08.01;Corrente;8678.0000000000;MIL;REAL;S
HAPV3;HAPVIDA PARTICIPAÇÕES E INVESTIMENTOS S.A.;024392;2025-12-31;PENÚLTIMO;2024-12-31;3.08.02;Diferido;-68809.0000000000;MIL;REAL;S
HAPV3;HAPVIDA PARTICIPAÇÕES E INVESTIMENTOS S.A.;024392;2025-12-31;ÚLTIMO;2025-12-31;3.08.02;Diferido;82994.0000000000;MIL;REAL;S
HAPV3;HAPVIDA PARTICIPAÇÕES E INVESTIMENTOS S.A.;024392;2025-12-31;PENÚLTIMO;2024-12-31;3.09;Resultado Líquido das Operações Continuadas;-655341.0000000000;MIL;REAL;S
HAPV3;HAPVIDA PARTICIPAÇÕES E INVESTIMENTOS S.A.;024392;2025-12-31;ÚLTIMO;2025-12-31;3.09;Resultado Líquido das Operações Continuadas;-142171.0000000000;MIL;REAL;S
HAPV3;HAPVIDA PARTICIPAÇÕES E INVESTIMENTOS S.A.;024392;2025-12-31;PENÚLTIMO;2024-12-31;3.10;Resultado Líquido de Operações Descontinuadas;5965.0000000000;MIL;REAL;S
HAPV3;HAPVIDA PARTICIPAÇÕES E INVESTIMENTOS S.A.;024392;2025-12-31;ÚLTIMO;2025-12-31;3.10;Resultado Líquido de Operações Descontinuadas;2.0000000000;MIL;REAL;S
HAPV3;HAPVIDA PARTICIPAÇÕES E INVESTIMENTOS S.A.;024392;2025-12-31;PENÚLTIMO;2024-12-31;3.10.01;Lucro/Prejuízo Líquido das Operações Descontinuadas;0.0000000000;MIL;REAL;S
HAPV3;HAPVIDA PARTICIPAÇÕES E INVESTIMENTOS S.A.;024392;2025-12-31;ÚLTIMO;2025-12-31;3.10.01;Lucro/Prejuízo Líquido das Operações Descontinuadas;0.0000000000;MIL;REAL;S
HAPV3;HAPVIDA PARTICIPAÇÕES E INVESTIMENTOS S.A.;024392;2025-12-31;PENÚLTIMO;2024-12-31;3.10.02;Ganhos/Perdas Líquidas sobre Ativos de Operações Descontinuadas;0.0000000000;MIL;REAL;S
HAPV3;HAPVIDA PARTICIPAÇÕES E INVESTIMENTOS S.A.;024392;2025-12-31;ÚLTIMO;2025-12-31;3.10.02;Ganhos/Perdas Líquidas sobre Ativos de Operações Descontinuadas;0.0000000000;MIL;REAL;S
HAPV3;HAPVIDA PARTICIPAÇÕES E INVESTIMENTOS S.A.;024392;2025-12-31;PENÚLTIMO;2024-12-31;3.11;Lucro/Prejuízo Consolidado do Período;-649376.0000000000;MIL;REAL;S
HAPV3;HAPVIDA PARTICIPAÇÕES E INVESTIMENTOS S.A.;024392;2025-12-31;ÚLTIMO;2025-12-31;3.11;Lucro/Prejuízo Consolidado do Período;-142169.0000000000;MIL;REAL;S
HAPV3;HAPVIDA PARTICIPAÇÕES E INVESTIMENTOS S.A.;024392;2025-12-31;PENÚLTIMO;2024-12-31;3.11.01;Atribuído a Sócios da Empresa Controladora;-649301.0000000000;MIL;REAL;S
HAPV3;HAPVIDA PARTICIPAÇÕES E INVESTIMENTOS S.A.;024392;2025-12-31;ÚLTIMO;2025-12-31;3.11.01;Atribuído a Sócios da Empresa Controladora;-141747.0000000000;MIL;REAL;S
HAPV3;HAPVIDA PARTICIPAÇÕES E INVESTIMENTOS S.A.;024392;2025-12-31;PENÚLTIMO;2024-12-31;3.11.02;Atribuído a Sócios Não Controladores;-75.0000000000;MIL;REAL;S
HAPV3;HAPVIDA PARTICIPAÇÕES E INVESTIMENTOS S.A.;024392;2025-12-31;ÚLTIMO;2025-12-31;3.11.02;Atribuído a Sócios Não Controladores;-422.0000000000;MIL;REAL;S
HAPV3;HAPVIDA PARTICIPAÇÕES E INVESTIMENTOS S.A.;024392;2025-12-31;PENÚLTIMO;2024-12-31;3.99;Lucro por Ação - (Reais / Ação);0.0000000000;MIL;REAL;N
HAPV3;HAPVIDA PARTICIPAÇÕES E INVESTIMENTOS S.A.;024392;2025-12-31;ÚLTIMO;2025-12-31;3.99;Lucro por Ação - (Reais / Ação);0.0000000000;MIL;REAL;N
HAPV3;HAPVIDA PARTICIPAÇÕES E INVESTIMENTOS S.A.;024392;2025-12-31;PENÚLTIMO;2024-12-31;3.99.01;Lucro Básico por Ação;0.0000000000;MIL;REAL;N
HAPV3;HAPVIDA PARTICIPAÇÕES E INVESTIMENTOS S.A.;024392;2025-12-31;ÚLTIMO;2025-12-31;3.99.01;Lucro Básico por Ação;0.0000000000;MIL;REAL;N
HAPV3;HAPVIDA PARTICIPAÇÕES E INVESTIMENTOS S.A.;024392;2025-12-31;PENÚLTIMO;2024-12-31;3.99.01.01;ON;-1.2700000000;MIL;REAL;N
HAPV3;HAPVIDA PARTICIPAÇÕES E INVESTIMENTOS S.A.;024392;2025-12-31;ÚLTIMO;2025-12-31;3.99.01.01;ON;-0.2800000000;MIL;REAL;N
HAPV3;HAPVIDA PARTICIPAÇÕES E INVESTIMENTOS S.A.;024392;2025-12-31;PENÚLTIMO;2024-12-31;3.99.02;Lucro Diluído por Ação;0.0000000000;MIL;REAL;N
HAPV3;HAPVIDA PARTICIPAÇÕES E INVESTIMENTOS S.A.;024392;2025-12-31;ÚLTIMO;2025-12-31;3.99.02;Lucro Diluído por Ação;0.0000000000;MIL;REAL;N
HAPV3;HAPVIDA PARTICIPAÇÕES E INVESTIMENTOS S.A.;024392;2025-12-31;PENÚLTIMO;2024-12-31;3.99.02.01;ON;-1.2700000000;MIL;REAL;N
HAPV3;HAPVIDA PARTICIPAÇÕES E INVESTIMENTOS S.A.;024392;2025-12-31;ÚLTIMO;2025-12-31;3.99.02.01;ON;-0.2800000000;MIL;REAL;N
ABEV3;AMBEV S.A.;023264;2025-12-31;PENÚLTIMO;2024-12-31;3.01;Receita de Venda de Bens e/ou Serviços;89452669.0000000000;MIL;REAL;S
ABEV3;AMBEV S.A.;023264;2025-12-31;ÚLTIMO;2025-12-31;3.01;Receita de Venda de Bens e/ou Serviços;88242467.0000000000;MIL;REAL;S
ABEV3;AMBEV S.A.;023264;2025-12-31;PENÚLTIMO;2024-12-31;3.02;Custo dos Bens e/ou Serviços Vendidos;-43615080.0000000000;MIL;REAL;S
ABEV3;AMBEV S.A.;023264;2025-12-31;ÚLTIMO;2025-12-31;3.02;Custo dos Bens e/ou Serviços Vendidos;-42864127.0000000000;MIL;REAL;S
ABEV3;AMBEV S.A.;023264;2025-12-31;PENÚLTIMO;2024-12-31;3.03;Resultado Bruto;45837589.0000000000;MIL;REAL;S
ABEV3;AMBEV S.A.;023264;2025-12-31;ÚLTIMO;2025-12-31;3.03;Resultado Bruto;45378340.0000000000;MIL;REAL;S
ABEV3;AMBEV S.A.;023264;2025-12-31;PENÚLTIMO;2024-12-31;3.04;Despesas/Receitas Operacionais;-24032013.0000000000;MIL;REAL;S
ABEV3;AMBEV S.A.;023264;2025-12-31;ÚLTIMO;2025-12-31;3.04;Despesas/Receitas Operacionais;-21954954.0000000000;MIL;REAL;S
ABEV3;AMBEV S.A.;023264;2025-12-31;PENÚLTIMO;2024-12-31;3.04.01;Despesas com Vendas;-20191324.0000000000;MIL;REAL;S
ABEV3;AMBEV S.A.;023264;2025-12-31;ÚLTIMO;2025-12-31;3.04.01;Despesas com Vendas;-19276988.0000000000;MIL;REAL;S
ABEV3;AMBEV S.A.;023264;2025-12-31;PENÚLTIMO;2024-12-31;3.04.01.01;Despesas Logísticas;-11557161.0000000000;MIL;REAL;N
ABEV3;AMBEV S.A.;023264;2025-12-31;ÚLTIMO;2025-12-31;3.04.01.01;Despesas Logísticas;-10928913.0000000000;MIL;REAL;N
ABEV3;AMBEV S.A.;023264;2025-12-31;PENÚLTIMO;2024-12-31;3.04.01.02;Despesas Comerciais;-8634163.0000000000;MIL;REAL;N
ABEV3;AMBEV S.A.;023264;2025-12-31;ÚLTIMO;2025-12-31;3.04.01.02;Despesas Comerciais;-8348075.0000000000;MIL;REAL;N
ABEV3;AMBEV S.A.;023264;2025-12-31;PENÚLTIMO;2024-12-31;3.04.02;Despesas Gerais e Administrativas;-6201074.0000000000;MIL;REAL;S
ABEV3;AMBEV S.A.;023264;2025-12-31;ÚLTIMO;2025-12-31;3.04.02;Despesas Gerais e Administrativas;-5862917.0000000000;MIL;REAL;S
ABEV3;AMBEV S.A.;023264;2025-12-31;PENÚLTIMO;2024-12-31;3.04.03;Perdas pela Não Recuperabilidade de Ativos;0.0000000000;MIL;REAL;S
ABEV3;AMBEV S.A.;023264;2025-12-31;ÚLTIMO;2025-12-31;3.04.03;Perdas pela Não Recuperabilidade de Ativos;0.0000000000;MIL;REAL;S
ABEV3;AMBEV S.A.;023264;2025-12-31;PENÚLTIMO;2024-12-31;3.04.04;Outras Receitas Operacionais;2800226.0000000000;MIL;REAL;S
ABEV3;AMBEV S.A.;023264;2025-12-31;ÚLTIMO;2025-12-31;3.04.04;Outras Receitas Operacionais;2986148.0000000000;MIL;REAL;S
ABEV3;AMBEV S.A.;023264;2025-12-31;PENÚLTIMO;2024-12-31;3.04.04.01;Recorrentes;2800226.0000000000;MIL;REAL;N
ABEV3;AMBEV S.A.;023264;2025-12-31;ÚLTIMO;2025-12-31;3.04.04.01;Recorrentes;2986148.0000000000;MIL;REAL;N
ABEV3;AMBEV S.A.;023264;2025-12-31;PENÚLTIMO;2024-12-31;3.04.04.02;Não Recorrentes;0.0000000000;MIL;REAL;N
ABEV3;AMBEV S.A.;023264;2025-12-31;ÚLTIMO;2025-12-31;3.04.04.02;Não Recorrentes;0.0000000000;MIL;REAL;N
ABEV3;AMBEV S.A.;023264;2025-12-31;PENÚLTIMO;2024-12-31;3.04.05;Outras Despesas Operacionais;-443759.0000000000;MIL;REAL;S
ABEV3;AMBEV S.A.;023264;2025-12-31;ÚLTIMO;2025-12-31;3.04.05;Outras Despesas Operacionais;93018.0000000000;MIL;REAL;S
ABEV3;AMBEV S.A.;023264;2025-12-31;PENÚLTIMO;2024-12-31;3.04.05.01;Recorrentes;-342964.0000000000;MIL;REAL;N
ABEV3;AMBEV S.A.;023264;2025-12-31;ÚLTIMO;2025-12-31;3.04.05.01;Recorrentes;-550251.0000000000;MIL;REAL;N
ABEV3;AMBEV S.A.;023264;2025-12-31;PENÚLTIMO;2024-12-31;3.04.05.02;Não Recorrentes;-100795.0000000000;MIL;REAL;N
ABEV3;AMBEV S.A.;023264;2025-12-31;ÚLTIMO;2025-12-31;3.04.05.02;Não Recorrentes;643269.0000000000;MIL;REAL;N
ABEV3;AMBEV S.A.;023264;2025-12-31;PENÚLTIMO;2024-12-31;3.04.06;Resultado de Equivalência Patrimonial;3918.0000000000;MIL;REAL;S
ABEV3;AMBEV S.A.;023264;2025-12-31;ÚLTIMO;2025-12-31;3.04.06;Resultado de Equivalência Patrimonial;105785.0000000000;MIL;REAL;S
ABEV3;AMBEV S.A.;023264;2025-12-31;PENÚLTIMO;2024-12-31;3.05;Resultado Antes do Resultado Financeiro e dos Tributos;21805576.0000000000;MIL;REAL;S
ABEV3;AMBEV S.A.;023264;2025-12-31;ÚLTIMO;2025-12-31;3.05;Resultado Antes do Resultado Financeiro e dos Tributos;23423386.0000000000;MIL;REAL;S
ABEV3;AMBEV S.A.;023264;2025-12-31;PENÚLTIMO;2024-12-31;3.06;Resultado Financeiro;-2318249.0000000000;MIL;REAL;S
ABEV3;AMBEV S.A.;023264;2025-12-31;ÚLTIMO;2025-12-31;3.06;Resultado Financeiro;-4001728.0000000000;MIL;REAL;S
ABEV3;AMBEV S.A.;023264;2025-12-31;PENÚLTIMO;2024-12-31;3.06.01;Receitas Financeiras;2423704.0000000000;MIL;REAL;S
ABEV3;AMBEV S.A.;023264;2025-12-31;ÚLTIMO;2025-12-31;3.06.01;Receitas Financeiras;2216616.0000000000;MIL;REAL;S
ABEV3;AMBEV S.A.;023264;2025-12-31;PENÚLTIMO;2024-12-31;3.06.02;Despesas Financeiras;-4741953.0000000000;MIL;REAL;S
ABEV3;AMBEV S.A.;023264;2025-12-31;ÚLTIMO;2025-12-31;3.06.02;Despesas Financeiras;-6218344.0000000000;MIL;REAL;S
ABEV3;AMBEV S.A.;023264;2025-12-31;PENÚLTIMO;2024-12-31;3.07;Resultado Antes dos Tributos sobre o Lucro;19487327.0000000000;MIL;REAL;S
ABEV3;AMBEV S.A.;023264;2025-12-31;ÚLTIMO;2025-12-31;3.07;Resultado Antes dos Tributos sobre o Lucro;19421658.0000000000;MIL;REAL;S
ABEV3;AMBEV S.A.;023264;2025-12-31;PENÚLTIMO;2024-12-31;3.08;Imposto de Renda e Contribuição Social sobre o Lucro;-4640375.0000000000;MIL;REAL;S
ABEV3;AMBEV S.A.;023264;2025-12-31;ÚLTIMO;2025-12-31;3.08;Imposto de Renda e Contribuição Social sobre o Lucro;-3433225.0000000000;MIL;REAL;S
ABEV3;AMBEV S.A.;023264;2025-12-31;PENÚLTIMO;2024-12-31;3.08.01;Corrente;-4530948.0000000000;MIL;REAL;S
ABEV3;AMBEV S.A.;023264;2025-12-31;ÚLTIMO;2025-12-31;3.08.01;Corrente;-4004260.0000000000;MIL;REAL;S
ABEV3;AMBEV S.A.;023264;2025-12-31;PENÚLTIMO;2024-12-31;3.08.02;Diferido;-109427.0000000000;MIL;REAL;S
ABEV3;AMBEV S.A.;023264;2025-12-31;ÚLTIMO;2025-12-31;3.08.02;Diferido;571035.0000000000;MIL;REAL;S
ABEV3;AMBEV S.A.;023264;2025-12-31;PENÚLTIMO;2024-12-31;3.09;Resultado Líquido das Operações Continuadas;14846952.0000000000;MIL;REAL;S
ABEV3;AMBEV S.A.;023264;2025-12-31;ÚLTIMO;2025-12-31;3.09;Resultado Líquido das Operações Continuadas;15988433.0000000000;MIL;REAL;S
ABEV3;AMBEV S.A.;023264;2025-12-31;PENÚLTIMO;2024-12-31;3.10;Resultado Líquido de Operações Descontinuadas;0.0000000000;MIL;REAL;S
ABEV3;AMBEV S.A.;023264;2025-12-31;ÚLTIMO;2025-12-31;3.10;Resultado Líquido de Operações Descontinuadas;0.0000000000;MIL;REAL;S
ABEV3;AMBEV S.A.;023264;2025-12-31;PENÚLTIMO;2024-12-31;3.10.01;Lucro/Prejuízo Líquido das Operações Descontinuadas;0.0000000000;MIL;REAL;S
ABEV3;AMBEV S.A.;023264;2025-12-31;ÚLTIMO;2025-12-31;3.10.01;Lucro/Prejuízo Líquido das Operações Descontinuadas;0.0000000000;MIL;REAL;S
ABEV3;AMBEV S.A.;023264;2025-12-31;PENÚLTIMO;2024-12-31;3.10.02;Ganhos/Perdas Líquidas sobre Ativos de Operações Descontinuadas;0.0000000000;MIL;REAL;S
ABEV3;AMBEV S.A.;023264;2025-12-31;ÚLTIMO;2025-12-31;3.10.02;Ganhos/Perdas Líquidas sobre Ativos de Operações Descontinuadas;0.0000000000;MIL;REAL;S
ABEV3;AMBEV S.A.;023264;2025-12-31;PENÚLTIMO;2024-12-31;3.11;Lucro/Prejuízo Consolidado do Período;14846952.0000000000;MIL;REAL;S
ABEV3;AMBEV S.A.;023264;2025-12-31;ÚLTIMO;2025-12-31;3.11;Lucro/Prejuízo Consolidado do Período;15988433.0000000000;MIL;REAL;S
ABEV3;AMBEV S.A.;023264;2025-12-31;PENÚLTIMO;2024-12-31;3.11.01;Atribuído a Sócios da Empresa Controladora;14437238.0000000000;MIL;REAL;S
ABEV3;AMBEV S.A.;023264;2025-12-31;ÚLTIMO;2025-12-31;3.11.01;Atribuído a Sócios da Empresa Controladora;15503400.0000000000;MIL;REAL;S
ABEV3;AMBEV S.A.;023264;2025-12-31;PENÚLTIMO;2024-12-31;3.11.02;Atribuído a Sócios Não Controladores;409714.0000000000;MIL;REAL;S
ABEV3;AMBEV S.A.;023264;2025-12-31;ÚLTIMO;2025-12-31;3.11.02;Atribuído a Sócios Não Controladores;485033.0000000000;MIL;REAL;S
ABEV3;AMBEV S.A.;023264;2025-12-31;PENÚLTIMO;2024-12-31;3.99;Lucro por Ação - (Reais / Ação);0.0000000000;MIL;REAL;N
ABEV3;AMBEV S.A.;023264;2025-12-31;ÚLTIMO;2025-12-31;3.99;Lucro por Ação - (Reais / Ação);0.0000000000;MIL;REAL;N
ABEV3;AMBEV S.A.;023264;2025-12-31;PENÚLTIMO;2024-12-31;3.99.01;Lucro Básico por Ação;0.0000000000;MIL;REAL;N
ABEV3;AMBEV S.A.;023264;2025-12-31;ÚLTIMO;2025-12-31;3.99.01;Lucro Básico por Ação;0.0000000000;MIL;REAL;N
ABEV3;AMBEV S.A.;023264;2025-12-31;PENÚLTIMO;2024-12-31;3.99.01.01;ON;0.9175500000;MIL;REAL;N
ABEV3;AMBEV S.A.;023264;2025-12-31;ÚLTIMO;2025-12-31;3.99.01.01;ON;0.9926913764;MIL;REAL;N
ABEV3;AMBEV S.A.;023264;2025-12-31;PENÚLTIMO;2024-12-31;3.99.02;Lucro Diluído por Ação;0.0000000000;MIL;REAL;N
ABEV3;AMBEV S.A.;023264;2025-12-31;ÚLTIMO;2025-12-31;3.99.02;Lucro Diluído por Ação;0.0000000000;MIL;REAL;N
ABEV3;AMBEV S.A.;023264;2025-12-31;PENÚLTIMO;2024-12-31;3.99.02.01;ON;0.9129000000;MIL;REAL;N
ABEV3;AMBEV S.A.;023264;2025-12-31;ÚLTIMO;2025-12-31;3.99.02.01;ON;0.9884932269;MIL;REAL;N
B3SA3;B3 S.A. - BRASIL, BOLSA, BALCÃO;021610;2025-12-31;PENÚLTIMO;2024-12-31;3.01;Receita de Venda de Bens e/ou Serviços;10572738.0000000000;MIL;REAL;S
B3SA3;B3 S.A. - BRASIL, BOLSA, BALCÃO;021610;2025-12-31;ÚLTIMO;2025-12-31;3.01;Receita de Venda de Bens e/ou Serviços;11121545.0000000000;MIL;REAL;S
B3SA3;B3 S.A. - BRASIL, BOLSA, BALCÃO;021610;2025-12-31;PENÚLTIMO;2024-12-31;3.01.01;Mercados;7195644.0000000000;MIL;REAL;N
B3SA3;B3 S.A. - BRASIL, BOLSA, BALCÃO;021610;2025-12-31;ÚLTIMO;2025-12-31;3.01.01;Mercados;7415400.0000000000;MIL;REAL;N
B3SA3;B3 S.A. - BRASIL, BOLSA, BALCÃO;021610;2025-12-31;PENÚLTIMO;2024-12-31;3.01.02;Soluções Analíticas de Dados;1018387.0000000000;MIL;REAL;N
B3SA3;B3 S.A. - BRASIL, BOLSA, BALCÃO;021610;2025-12-31;ÚLTIMO;2025-12-31;3.01.02;Soluções Analíticas de Dados;1123566.0000000000;MIL;REAL;N
B3SA3;B3 S.A. - BRASIL, BOLSA, BALCÃO;021610;2025-12-31;PENÚLTIMO;2024-12-31;3.01.03;Soluções para o Mercado de Capitais;610588.0000000000;MIL;REAL;N
B3SA3;B3 S.A. - BRASIL, BOLSA, BALCÃO;021610;2025-12-31;ÚLTIMO;2025-12-31;3.01.03;Soluções para o Mercado de Capitais;672439.0000000000;MIL;REAL;N
B3SA3;B3 S.A. - BRASIL, BOLSA, BALCÃO;021610;2025-12-31;PENÚLTIMO;2024-12-31;3.01.04;Tecnologia & Plataformas;1663720.0000000000;MIL;REAL;N
B3SA3;B3 S.A. - BRASIL, BOLSA, BALCÃO;021610;2025-12-31;ÚLTIMO;2025-12-31;3.01.04;Tecnologia & Plataformas;1909294.0000000000;MIL;REAL;N
B3SA3;B3 S.A. - BRASIL, BOLSA, BALCÃO;021610;2025-12-31;PENÚLTIMO;2024-12-31;3.01.05;Reversão de Provisões e Recuperação de Despesas;84399.0000000000;MIL;REAL;N
B3SA3;B3 S.A. - BRASIL, BOLSA, BALCÃO;021610;2025-12-31;ÚLTIMO;2025-12-31;3.01.05;Reversão de Provisões e Recuperação de Despesas;846.0000000000;MIL;REAL;N
B3SA3;B3 S.A. - BRASIL, BOLSA, BALCÃO;021610;2025-12-31;PENÚLTIMO;2024-12-31;3.02;Custo dos Bens e/ou Serviços Vendidos;-1059270.0000000000;MIL;REAL;S
B3SA3;B3 S.A. - BRASIL, BOLSA, BALCÃO;021610;2025-12-31;ÚLTIMO;2025-12-31;3.02;Custo dos Bens e/ou Serviços Vendidos;-1053318.0000000000;MIL;REAL;S
B3SA3;B3 S.A. - BRASIL, BOLSA, BALCÃO;021610;2025-12-31;PENÚLTIMO;2024-12-31;3.02.01;PIS e COFINS;-865730.0000000000;MIL;REAL;N
B3SA3;B3 S.A. - BRASIL, BOLSA, BALCÃO;021610;2025-12-31;ÚLTIMO;2025-12-31;3.02.01;PIS e COFINS;-842816.0000000000;MIL;REAL;N
B3SA3;B3 S.A. - BRASIL, BOLSA, BALCÃO;021610;2025-12-31;PENÚLTIMO;2024-12-31;3.02.02;Impostos sobre Serviços;-193540.0000000000;MIL;REAL;N
B3SA3;B3 S.A. - BRASIL, BOLSA, BALCÃO;021610;2025-12-31;ÚLTIMO;2025-12-31;3.02.02;Impostos sobre Serviços;-210502.0000000000;MIL;REAL;N
B3SA3;B3 S.A. - BRASIL, BOLSA, BALCÃO;021610;2025-12-31;PENÚLTIMO;2024-12-31;3.03;Resultado Bruto;9513468.0000000000;MIL;REAL;S
B3SA3;B3 S.A. - BRASIL, BOLSA, BALCÃO;021610;2025-12-31;ÚLTIMO;2025-12-31;3.03;Resultado Bruto;10068227.0000000000;MIL;REAL;S
B3SA3;B3 S.A. - BRASIL, BOLSA, BALCÃO;021610;2025-12-31;PENÚLTIMO;2024-12-31;3.04;Despesas/Receitas Operacionais;-3467566.0000000000;MIL;REAL;S
B3SA3;B3 S.A. - BRASIL, BOLSA, BALCÃO;021610;2025-12-31;ÚLTIMO;2025-12-31;3.04;Despesas/Receitas Operacionais;-3430190.0000000000;MIL;REAL;S
B3SA3;B3 S.A. - BRASIL, BOLSA, BALCÃO;021610;2025-12-31;PENÚLTIMO;2024-12-31;3.04.01;Despesas com Vendas;0.0000000000;MIL;REAL;S
B3SA3;B3 S.A. - BRASIL, BOLSA, BALCÃO;021610;2025-12-31;ÚLTIMO;2025-12-31;3.04.01;Despesas com Vendas;0.0000000000;MIL;REAL;S
B3SA3;B3 S.A. - BRASIL, BOLSA, BALCÃO;021610;2025-12-31;PENÚLTIMO;2024-12-31;3.04.02;Despesas Gerais e Administrativas;-3395387.0000000000;MIL;REAL;S
B3SA3;B3 S.A. - BRASIL, BOLSA, BALCÃO;021610;2025-12-31;ÚLTIMO;2025-12-31;3.04.02;Despesas Gerais e Administrativas;-3435820.0000000000;MIL;REAL;S
B3SA3;B3 S.A. - BRASIL, BOLSA, BALCÃO;021610;2025-12-31;PENÚLTIMO;2024-12-31;3.04.03;Perdas pela Não Recuperabilidade de Ativos;0.0000000000;MIL;REAL;S
B3SA3;B3 S.A. - BRASIL, BOLSA, BALCÃO;021610;2025-12-31;ÚLTIMO;2025-12-31;3.04.03;Perdas pela Não Recuperabilidade de Ativos;0.0000000000;MIL;REAL;S
B3SA3;B3 S.A. - BRASIL, BOLSA, BALCÃO;021610;2025-12-31;PENÚLTIMO;2024-12-31;3.04.04;Outras Receitas Operacionais;0.0000000000;MIL;REAL;S
B3SA3;B3 S.A. - BRASIL, BOLSA, BALCÃO;021610;2025-12-31;ÚLTIMO;2025-12-31;3.04.04;Outras Receitas Operacionais;0.0000000000;MIL;REAL;S
B3SA3;B3 S.A. - BRASIL, BOLSA, BALCÃO;021610;2025-12-31;PENÚLTIMO;2024-12-31;3.04.04.01;Descontinuidade do Uso do Método de Equivalência Patrimonial;0.0000000000;MIL;REAL;N
B3SA3;B3 S.A. - BRASIL, BOLSA, BALCÃO;021610;2025-12-31;ÚLTIMO;2025-12-31;3.04.04.01;Descontinuidade do Uso do Método de Equivalência Patrimonial;0.0000000000;MIL;REAL;N
B3SA3;B3 S.A. - BRASIL, BOLSA, BALCÃO;021610;2025-12-31;PENÚLTIMO;2024-12-31;3.04.04.02;Resultado na Alienação de Investimentos em Coligadas;0.0000000000;MIL;REAL;N
B3SA3;B3 S.A. - BRASIL, BOLSA, BALCÃO;021610;2025-12-31;ÚLTIMO;2025-12-31;3.04.04.02;Resultado na Alienação de Investimentos em Coligadas;0.0000000000;MIL;REAL;N
B3SA3;B3 S.A. - BRASIL, BOLSA, BALCÃO;021610;2025-12-31;PENÚLTIMO;2024-12-31;3.04.05;Outras Despesas Operacionais;-67595.0000000000;MIL;REAL;S
B3SA3;B3 S.A. - BRASIL, BOLSA, BALCÃO;021610;2025-12-31;ÚLTIMO;2025-12-31;3.04.05;Outras Despesas Operacionais;0.0000000000;MIL;REAL;S
B3SA3;B3 S.A. - BRASIL, BOLSA, BALCÃO;021610;2025-12-31;PENÚLTIMO;2024-12-31;3.04.05.01;Amortização de Ágio;0.0000000000;MIL;REAL;N
B3SA3;B3 S.A. - BRASIL, BOLSA, BALCÃO;021610;2025-12-31;ÚLTIMO;2025-12-31;3.04.05.01;Amortização de Ágio;0.0000000000;MIL;REAL;N
B3SA3;B3 S.A. - BRASIL, BOLSA, BALCÃO;021610;2025-12-31;PENÚLTIMO;2024-12-31;3.04.05.02;Redução ao Valor Recuperável de Ativos (Impairment);-67595.0000000000;MIL;REAL;N
B3SA3;B3 S.A. - BRASIL, BOLSA, BALCÃO;021610;2025-12-31;ÚLTIMO;2025-12-31;3.04.05.02;Redução ao Valor Recuperável de Ativos (Impairment);0.0000000000;MIL;REAL;N
B3SA3;B3 S.A. - BRASIL, BOLSA, BALCÃO;021610;2025-12-31;PENÚLTIMO;2024-12-31;3.04.06;Resultado de Equivalência Patrimonial;-4584.0000000000;MIL;REAL;S
B3SA3;B3 S.A. - BRASIL, BOLSA, BALCÃO;021610;2025-12-31;ÚLTIMO;2025-12-31;3.04.06;Resultado de Equivalência Patrimonial;5630.0000000000;MIL;REAL;S
B3SA3;B3 S.A. - BRASIL, BOLSA, BALCÃO;021610;2025-12-31;PENÚLTIMO;2024-12-31;3.05;Resultado Antes do Resultado Financeiro e dos Tributos;6045902.0000000000;MIL;REAL;S
B3SA3;B3 S.A. - BRASIL, BOLSA, BALCÃO;021610;2025-12-31;ÚLTIMO;2025-12-31;3.05;Resultado Antes do Resultado Financeiro e dos Tributos;6638037.0000000000;MIL;REAL;S
B3SA3;B3 S.A. - BRASIL, BOLSA, BALCÃO;021610;2025-12-31;PENÚLTIMO;2024-12-31;3.06;Resultado Financeiro;78089.0000000000;MIL;REAL;S
B3SA3;B3 S.A. - BRASIL, BOLSA, BALCÃO;021610;2025-12-31;ÚLTIMO;2025-12-31;3.06;Resultado Financeiro;307864.0000000000;MIL;REAL;S
B3SA3;B3 S.A. - BRASIL, BOLSA, BALCÃO;021610;2025-12-31;PENÚLTIMO;2024-12-31;3.06.01;Receitas Financeiras;1649408.0000000000;MIL;REAL;S
B3SA3;B3 S.A. - BRASIL, BOLSA, BALCÃO;021610;2025-12-31;ÚLTIMO;2025-12-31;3.06.01;Receitas Financeiras;2208595.0000000000;MIL;REAL;S
B3SA3;B3 S.A. - BRASIL, BOLSA, BALCÃO;021610;2025-12-31;PENÚLTIMO;2024-12-31;3.06.01.01;Receitas Financeiras;1649408.0000000000;MIL;REAL;N
B3SA3;B3 S.A. - BRASIL, BOLSA, BALCÃO;021610;2025-12-31;ÚLTIMO;2025-12-31;3.06.01.01;Receitas Financeiras;2141618.0000000000;MIL;REAL;N
B3SA3;B3 S.A. - BRASIL, BOLSA, BALCÃO;021610;2025-12-31;PENÚLTIMO;2024-12-31;3.06.01.02;Variações Cambiais, Líquidas;0.0000000000;MIL;REAL;N
B3SA3;B3 S.A. - BRASIL, BOLSA, BALCÃO;021610;2025-12-31;ÚLTIMO;2025-12-31;3.06.01.02;Variações Cambiais, Líquidas;66977.0000000000;MIL;REAL;N
B3SA3;B3 S.A. - BRASIL, BOLSA, BALCÃO;021610;2025-12-31;PENÚLTIMO;2024-12-31;3.06.02;Despesas Financeiras;-1571319.0000000000;MIL;REAL;S
B3SA3;B3 S.A. - BRASIL, BOLSA, BALCÃO;021610;2025-12-31;ÚLTIMO;2025-12-31;3.06.02;Despesas Financeiras;-1900731.0000000000;MIL;REAL;S
B3SA3;B3 S.A. - BRASIL, BOLSA, BALCÃO;021610;2025-12-31;PENÚLTIMO;2024-12-31;3.06.02.01;Despesas Financeiras;-1488379.0000000000;MIL;REAL;N
B3SA3;B3 S.A. - BRASIL, BOLSA, BALCÃO;021610;2025-12-31;ÚLTIMO;2025-12-31;3.06.02.01;Despesas Financeiras;-1900731.0000000000;MIL;REAL;N
B3SA3;B3 S.A. - BRASIL, BOLSA, BALCÃO;021610;2025-12-31;PENÚLTIMO;2024-12-31;3.06.02.02;Variações Cambiais Líquidas;-82940.0000000000;MIL;REAL;N
B3SA3;B3 S.A. - BRASIL, BOLSA, BALCÃO;021610;2025-12-31;ÚLTIMO;2025-12-31;3.06.02.02;Variações Cambiais Líquidas;0.0000000000;MIL;REAL;N
B3SA3;B3 S.A. - BRASIL, BOLSA, BALCÃO;021610;2025-12-31;PENÚLTIMO;2024-12-31;3.07;Resultado Antes dos Tributos sobre o Lucro;6123991.0000000000;MIL;REAL;S
B3SA3;B3 S.A. - BRASIL, BOLSA, BALCÃO;021610;2025-12-31;ÚLTIMO;2025-12-31;3.07;Resultado Antes dos Tributos sobre o Lucro;6945901.0000000000;MIL;REAL;S
B3SA3;B3 S.A. - BRASIL, BOLSA, BALCÃO;021610;2025-12-31;PENÚLTIMO;2024-12-31;3.08;Imposto de Renda e Contribuição Social sobre o Lucro;-1547300.0000000000;MIL;REAL;S
B3SA3;B3 S.A. - BRASIL, BOLSA, BALCÃO;021610;2025-12-31;ÚLTIMO;2025-12-31;3.08;Imposto de Renda e Contribuição Social sobre o Lucro;-2359029.0000000000;MIL;REAL;S
B3SA3;B3 S.A. - BRASIL, BOLSA, BALCÃO;021610;2025-12-31;PENÚLTIMO;2024-12-31;3.08.01;Corrente;-1644450.0000000000;MIL;REAL;S
B3SA3;B3 S.A. - BRASIL, BOLSA, BALCÃO;021610;2025-12-31;ÚLTIMO;2025-12-31;3.08.01;Corrente;-1226844.0000000000;MIL;REAL;S
B3SA3;B3 S.A. - BRASIL, BOLSA, BALCÃO;021610;2025-12-31;PENÚLTIMO;2024-12-31;3.08.02;Diferido;97150.0000000000;MIL;REAL;S
B3SA3;B3 S.A. - BRASIL, BOLSA, BALCÃO;021610;2025-12-31;ÚLTIMO;2025-12-31;3.08.02;Diferido;-1132185.0000000000;MIL;REAL;S
B3SA3;B3 S.A. - BRASIL, BOLSA, BALCÃO;021610;2025-12-31;PENÚLTIMO;2024-12-31;3.09;Resultado Líquido das Operações Continuadas;4576691.0000000000;MIL;REAL;S
B3SA3;B3 S.A. - BRASIL, BOLSA, BALCÃO;021610;2025-12-31;ÚLTIMO;2025-12-31;3.09;Resultado Líquido das Operações Continuadas;4586872.0000000000;MIL;REAL;S
B3SA3;B3 S.A. - BRASIL, BOLSA, BALCÃO;021610;2025-12-31;PENÚLTIMO;2024-12-31;3.10;Resultado Líquido de Operações Descontinuadas;0.0000000000;MIL;REAL;S
B3SA3;B3 S.A. - BRASIL, BOLSA, BALCÃO;021610;2025-12-31;ÚLTIMO;2025-12-31;3.10;Resultado Líquido de Operações Descontinuadas;0.0000000000;MIL;REAL;S
B3SA3;B3 S.A. - BRASIL, BOLSA, BALCÃO;021610;2025-12-31;PENÚLTIMO;2024-12-31;3.10.01;Lucro/Prejuízo Líquido das Operações Descontinuadas;0.0000000000;MIL;REAL;S
B3SA3;B3 S.A. - BRASIL, BOLSA, BALCÃO;021610;2025-12-31;ÚLTIMO;2025-12-31;3.10.01;Lucro/Prejuízo Líquido das Operações Descontinuadas;0.0000000000;MIL;REAL;S
B3SA3;B3 S.A. - BRASIL, BOLSA, BALCÃO;021610;2025-12-31;PENÚLTIMO;2024-12-31;3.10.02;Ganhos/Perdas Líquidas sobre Ativos de Operações Descontinuadas;0.0000000000;MIL;REAL;S
B3SA3;B3 S.A. - BRASIL, BOLSA, BALCÃO;021610;2025-12-31;ÚLTIMO;2025-12-31;3.10.02;Ganhos/Perdas Líquidas sobre Ativos de Operações Descontinuadas;0.0000000000;MIL;REAL;S
B3SA3;B3 S.A. - BRASIL, BOLSA, BALCÃO;021610;2025-12-31;PENÚLTIMO;2024-12-31;3.11;Lucro/Prejuízo Consolidado do Período;4576691.0000000000;MIL;REAL;S
B3SA3;B3 S.A. - BRASIL, BOLSA, BALCÃO;021610;2025-12-31;ÚLTIMO;2025-12-31;3.11;Lucro/Prejuízo Consolidado do Período;4586872.0000000000;MIL;REAL;S
B3SA3;B3 S.A. - BRASIL, BOLSA, BALCÃO;021610;2025-12-31;PENÚLTIMO;2024-12-31;3.11.01;Atribuído a Sócios da Empresa Controladora;4576581.0000000000;MIL;REAL;S
B3SA3;B3 S.A. - BRASIL, BOLSA, BALCÃO;021610;2025-12-31;ÚLTIMO;2025-12-31;3.11.01;Atribuído a Sócios da Empresa Controladora;4585619.0000000000;MIL;REAL;S
B3SA3;B3 S.A. - BRASIL, BOLSA, BALCÃO;021610;2025-12-31;PENÚLTIMO;2024-12-31;3.11.02;Atribuído a Sócios Não Controladores;110.0000000000;MIL;REAL;S
B3SA3;B3 S.A. - BRASIL, BOLSA, BALCÃO;021610;2025-12-31;ÚLTIMO;2025-12-31;3.11.02;Atribuído a Sócios Não Controladores;1253.0000000000;MIL;REAL;S
B3SA3;B3 S.A. - BRASIL, BOLSA, BALCÃO;021610;2025-12-31;PENÚLTIMO;2024-12-31;3.99;Lucro por Ação - (Reais / Ação);0.0000000000;MIL;REAL;N
B3SA3;B3 S.A. - BRASIL, BOLSA, BALCÃO;021610;2025-12-31;ÚLTIMO;2025-12-31;3.99;Lucro por Ação - (Reais / Ação);0.0000000000;MIL;REAL;N
B3SA3;B3 S.A. - BRASIL, BOLSA, BALCÃO;021610;2025-12-31;PENÚLTIMO;2024-12-31;3.99.01;Lucro Básico por Ação;0.0000000000;MIL;REAL;N
B3SA3;B3 S.A. - BRASIL, BOLSA, BALCÃO;021610;2025-12-31;ÚLTIMO;2025-12-31;3.99.01;Lucro Básico por Ação;0.0000000000;MIL;REAL;N
B3SA3;B3 S.A. - BRASIL, BOLSA, BALCÃO;021610;2025-12-31;PENÚLTIMO;2024-12-31;3.99.01.01;ON;0.8379000000;MIL;REAL;N
B3SA3;B3 S.A. - BRASIL, BOLSA, BALCÃO;021610;2025-12-31;ÚLTIMO;2025-12-31;3.99.01.01;ON;0.8860000000;MIL;REAL;N
B3SA3;B3 S.A. - BRASIL, BOLSA, BALCÃO;021610;2025-12-31;PENÚLTIMO;2024-12-31;3.99.02;Lucro Diluído por Ação;0.0000000000;MIL;REAL;N
B3SA3;B3 S.A. - BRASIL, BOLSA, BALCÃO;021610;2025-12-31;ÚLTIMO;2025-12-31;3.99.02;Lucro Diluído por Ação;0.0000000000;MIL;REAL;N
B3SA3;B3 S.A. - BRASIL, BOLSA, BALCÃO;021610;2025-12-31;PENÚLTIMO;2024-12-31;3.99.02.01;ON;0.8344100000;MIL;REAL;N
B3SA3;B3 S.A. - BRASIL, BOLSA, BALCÃO;021610;2025-12-31;ÚLTIMO;2025-12-31;3.99.02.01;ON;0.8812300000;MIL;REAL;N
BBSE3;BB SEGURIDADE PARTICIPAÇÕES S.A.;023159;2025-12-31;PENÚLTIMO;2024-12-31;3.01;Receitas das Atividades Seguradoras/Resseguradoras;0.0000000000;MIL;REAL;S
BBSE3;BB SEGURIDADE PARTICIPAÇÕES S.A.;023159;2025-12-31;ÚLTIMO;2025-12-31;3.01;Receitas das Atividades Seguradoras/Resseguradoras;0.0000000000;MIL;REAL;S
BBSE3;BB SEGURIDADE PARTICIPAÇÕES S.A.;023159;2025-12-31;PENÚLTIMO;2024-12-31;3.01.01;Receitas com Seguros;0.0000000000;MIL;REAL;N
BBSE3;BB SEGURIDADE PARTICIPAÇÕES S.A.;023159;2025-12-31;ÚLTIMO;2025-12-31;3.01.01;Receitas com Seguros;0.0000000000;MIL;REAL;N
BBSE3;BB SEGURIDADE PARTICIPAÇÕES S.A.;023159;2025-12-31;PENÚLTIMO;2024-12-31;3.01.02;Receitas com Resseguros;0.0000000000;MIL;REAL;N
BBSE3;BB SEGURIDADE PARTICIPAÇÕES S.A.;023159;2025-12-31;ÚLTIMO;2025-12-31;3.01.02;Receitas com Resseguros;0.0000000000;MIL;REAL;N
BBSE3;BB SEGURIDADE PARTICIPAÇÕES S.A.;023159;2025-12-31;PENÚLTIMO;2024-12-31;3.01.03;Operações de Previdência Complementar;0.0000000000;MIL;REAL;N
BBSE3;BB SEGURIDADE PARTICIPAÇÕES S.A.;023159;2025-12-31;ÚLTIMO;2025-12-31;3.01.03;Operações de Previdência Complementar;0.0000000000;MIL;REAL;N
BBSE3;BB SEGURIDADE PARTICIPAÇÕES S.A.;023159;2025-12-31;PENÚLTIMO;2024-12-31;3.01.03.01;Rendas de Contribuições Retidas;0.0000000000;MIL;REAL;S
BBSE3;BB SEGURIDADE PARTICIPAÇÕES S.A.;023159;2025-12-31;ÚLTIMO;2025-12-31;3.01.03.01;Rendas de Contribuições Retidas;0.0000000000;MIL;REAL;S
BBSE3;BB SEGURIDADE PARTICIPAÇÕES S.A.;023159;2025-12-31;PENÚLTIMO;2024-12-31;3.01.03.02;Variações das Provisões Técnicas;0.0000000000;MIL;REAL;S
BBSE3;BB SEGURIDADE PARTICIPAÇÕES S.A.;023159;2025-12-31;ÚLTIMO;2025-12-31;3.01.03.02;Variações das Provisões Técnicas;0.0000000000;MIL;REAL;S
BBSE3;BB SEGURIDADE PARTICIPAÇÕES S.A.;023159;2025-12-31;PENÚLTIMO;2024-12-31;3.01.03.03;Outras Receitas de Prev. Complementar;0.0000000000;MIL;REAL;S
BBSE3;BB SEGURIDADE PARTICIPAÇÕES S.A.;023159;2025-12-31;ÚLTIMO;2025-12-31;3.01.03.03;Outras Receitas de Prev. Complementar;0.0000000000;MIL;REAL;S
BBSE3;BB SEGURIDADE PARTICIPAÇÕES S.A.;023159;2025-12-31;PENÚLTIMO;2024-12-31;3.01.04;Operações de Capitalização;0.0000000000;MIL;REAL;N
BBSE3;BB SEGURIDADE PARTICIPAÇÕES S.A.;023159;2025-12-31;ÚLTIMO;2025-12-31;3.01.04;Operações de Capitalização;0.0000000000;MIL;REAL;N
BBSE3;BB SEGURIDADE PARTICIPAÇÕES S.A.;023159;2025-12-31;PENÚLTIMO;2024-12-31;3.01.04.01;Receita Líquida com Títs. Capitalização;0.0000000000;MIL;REAL;S
BBSE3;BB SEGURIDADE PARTICIPAÇÕES S.A.;023159;2025-12-31;ÚLTIMO;2025-12-31;3.01.04.01;Receita Líquida com Títs. Capitalização;0.0000000000;MIL;REAL;S
BBSE3;BB SEGURIDADE PARTICIPAÇÕES S.A.;023159;2025-12-31;PENÚLTIMO;2024-12-31;3.01.04.02;Variações das Provisões Técnicas;0.0000000000;MIL;REAL;S
BBSE3;BB SEGURIDADE PARTICIPAÇÕES S.A.;023159;2025-12-31;ÚLTIMO;2025-12-31;3.01.04.02;Variações das Provisões Técnicas;0.0000000000;MIL;REAL;S
BBSE3;BB SEGURIDADE PARTICIPAÇÕES S.A.;023159;2025-12-31;PENÚLTIMO;2024-12-31;3.01.04.03;Outras Receitas de Capitalização;0.0000000000;MIL;REAL;S
BBSE3;BB SEGURIDADE PARTICIPAÇÕES S.A.;023159;2025-12-31;ÚLTIMO;2025-12-31;3.01.04.03;Outras Receitas de Capitalização;0.0000000000;MIL;REAL;S
BBSE3;BB SEGURIDADE PARTICIPAÇÕES S.A.;023159;2025-12-31;PENÚLTIMO;2024-12-31;3.02;Despesas da Atividade Seguradora/Resseguradora;0.0000000000;MIL;REAL;S
BBSE3;BB SEGURIDADE PARTICIPAÇÕES S.A.;023159;2025-12-31;ÚLTIMO;2025-12-31;3.02;Despesas da Atividade Seguradora/Resseguradora;0.0000000000;MIL;REAL;S
BBSE3;BB SEGURIDADE PARTICIPAÇÕES S.A.;023159;2025-12-31;PENÚLTIMO;2024-12-31;3.02.01;Despesas com Serviços de Seguros;0.0000000000;MIL;REAL;N
BBSE3;BB SEGURIDADE PARTICIPAÇÕES S.A.;023159;2025-12-31;ÚLTIMO;2025-12-31;3.02.01;Despesas com Serviços de Seguros;0.0000000000;MIL;REAL;N
BBSE3;BB SEGURIDADE PARTICIPAÇÕES S.A.;023159;2025-12-31;PENÚLTIMO;2024-12-31;3.02.02;Despesas Líquidas com Contratos de Resseguros/Retrocessões;0.0000000000;MIL;REAL;N
BBSE3;BB SEGURIDADE PARTICIPAÇÕES S.A.;023159;2025-12-31;ÚLTIMO;2025-12-31;3.02.02;Despesas Líquidas com Contratos de Resseguros/Retrocessões;0.0000000000;MIL;REAL;N
BBSE3;BB SEGURIDADE PARTICIPAÇÕES S.A.;023159;2025-12-31;PENÚLTIMO;2024-12-31;3.02.03;Operações de Previdência Complementar;0.0000000000;MIL;REAL;N
BBSE3;BB SEGURIDADE PARTICIPAÇÕES S.A.;023159;2025-12-31;ÚLTIMO;2025-12-31;3.02.03;Operações de Previdência Complementar;0.0000000000;MIL;REAL;N
BBSE3;BB SEGURIDADE PARTICIPAÇÕES S.A.;023159;2025-12-31;PENÚLTIMO;2024-12-31;3.02.03.01;Despesas com Benefícios e Resgates;0.0000000000;MIL;REAL;S
BBSE3;BB SEGURIDADE PARTICIPAÇÕES S.A.;023159;2025-12-31;ÚLTIMO;2025-12-31;3.02.03.01;Despesas com Benefícios e Resgates;0.0000000000;MIL;REAL;S
BBSE3;BB SEGURIDADE PARTICIPAÇÕES S.A.;023159;2025-12-31;PENÚLTIMO;2024-12-31;3.02.03.02;Despesas de Comercialização de Prev. Complementar;0.0000000000;MIL;REAL;S
BBSE3;BB SEGURIDADE PARTICIPAÇÕES S.A.;023159;2025-12-31;ÚLTIMO;2025-12-31;3.02.03.02;Despesas de Comercialização de Prev. Complementar;0.0000000000;MIL;REAL;S
BBSE3;BB SEGURIDADE PARTICIPAÇÕES S.A.;023159;2025-12-31;PENÚLTIMO;2024-12-31;3.02.03.03;Outras Despesas de Prev. Complementar;0.0000000000;MIL;REAL;S
BBSE3;BB SEGURIDADE PARTICIPAÇÕES S.A.;023159;2025-12-31;ÚLTIMO;2025-12-31;3.02.03.03;Outras Despesas de Prev. Complementar;0.0000000000;MIL;REAL;S
BBSE3;BB SEGURIDADE PARTICIPAÇÕES S.A.;023159;2025-12-31;PENÚLTIMO;2024-12-31;3.02.04;Operações de Capitalização;0.0000000000;MIL;REAL;N
BBSE3;BB SEGURIDADE PARTICIPAÇÕES S.A.;023159;2025-12-31;ÚLTIMO;2025-12-31;3.02.04;Operações de Capitalização;0.0000000000;MIL;REAL;N
BBSE3;BB SEGURIDADE PARTICIPAÇÕES S.A.;023159;2025-12-31;PENÚLTIMO;2024-12-31;3.02.04.01;Despesas com Resgates e Sorteios;0.0000000000;MIL;REAL;S
BBSE3;BB SEGURIDADE PARTICIPAÇÕES S.A.;023159;2025-12-31;ÚLTIMO;2025-12-31;3.02.04.01;Despesas com Resgates e Sorteios;0.0000000000;MIL;REAL;S
BBSE3;BB SEGURIDADE PARTICIPAÇÕES S.A.;023159;2025-12-31;PENÚLTIMO;2024-12-31;3.02.04.02;Despesas de Comercialização de Op. de Capitalização;0.0000000000;MIL;REAL;S
BBSE3;BB SEGURIDADE PARTICIPAÇÕES S.A.;023159;2025-12-31;ÚLTIMO;2025-12-31;3.02.04.02;Despesas de Comercialização de Op. de Capitalização;0.0000000000;MIL;REAL;S
BBSE3;BB SEGURIDADE PARTICIPAÇÕES S.A.;023159;2025-12-31;PENÚLTIMO;2024-12-31;3.02.04.03;Outras Despesas de Op. de Capitalização;0.0000000000;MIL;REAL;S
BBSE3;BB SEGURIDADE PARTICIPAÇÕES S.A.;023159;2025-12-31;ÚLTIMO;2025-12-31;3.02.04.03;Outras Despesas de Op. de Capitalização;0.0000000000;MIL;REAL;S
BBSE3;BB SEGURIDADE PARTICIPAÇÕES S.A.;023159;2025-12-31;PENÚLTIMO;2024-12-31;3.03;Resultado Bruto;0.0000000000;MIL;REAL;S
BBSE3;BB SEGURIDADE PARTICIPAÇÕES S.A.;023159;2025-12-31;ÚLTIMO;2025-12-31;3.03;Resultado Bruto;0.0000000000;MIL;REAL;S
BBSE3;BB SEGURIDADE PARTICIPAÇÕES S.A.;023159;2025-12-31;PENÚLTIMO;2024-12-31;3.04;Despesas Administrativas;-244151.0000000000;MIL;REAL;S
BBSE3;BB SEGURIDADE PARTICIPAÇÕES S.A.;023159;2025-12-31;ÚLTIMO;2025-12-31;3.04;Despesas Administrativas;-287185.0000000000;MIL;REAL;S
BBSE3;BB SEGURIDADE PARTICIPAÇÕES S.A.;023159;2025-12-31;PENÚLTIMO;2024-12-31;3.04.01;Despesas com Pessoal Próprio;-89665.0000000000;MIL;REAL;S
BBSE3;BB SEGURIDADE PARTICIPAÇÕES S.A.;023159;2025-12-31;ÚLTIMO;2025-12-31;3.04.01;Despesas com Pessoal Próprio;-99623.0000000000;MIL;REAL;S
BBSE3;BB SEGURIDADE PARTICIPAÇÕES S.A.;023159;2025-12-31;PENÚLTIMO;2024-12-31;3.04.02;Despesas com Serviços de Terceiros;0.0000000000;MIL;REAL;S
BBSE3;BB SEGURIDADE PARTICIPAÇÕES S.A.;023159;2025-12-31;ÚLTIMO;2025-12-31;3.04.02;Despesas com Serviços de Terceiros;0.0000000000;MIL;REAL;S
BBSE3;BB SEGURIDADE PARTICIPAÇÕES S.A.;023159;2025-12-31;PENÚLTIMO;2024-12-31;3.04.03;Despesas com Localização e Funcionamento;0.0000000000;MIL;REAL;S
BBSE3;BB SEGURIDADE PARTICIPAÇÕES S.A.;023159;2025-12-31;ÚLTIMO;2025-12-31;3.04.03;Despesas com Localização e Funcionamento;0.0000000000;MIL;REAL;S
BBSE3;BB SEGURIDADE PARTICIPAÇÕES S.A.;023159;2025-12-31;PENÚLTIMO;2024-12-31;3.04.04;Despesas com Publicidade e Propaganda;0.0000000000;MIL;REAL;S
BBSE3;BB SEGURIDADE PARTICIPAÇÕES S.A.;023159;2025-12-31;ÚLTIMO;2025-12-31;3.04.04;Despesas com Publicidade e Propaganda;0.0000000000;MIL;REAL;S
BBSE3;BB SEGURIDADE PARTICIPAÇÕES S.A.;023159;2025-12-31;PENÚLTIMO;2024-12-31;3.04.05;Despesas com Tributos;-34373.0000000000;MIL;REAL;S
BBSE3;BB SEGURIDADE PARTICIPAÇÕES S.A.;023159;2025-12-31;ÚLTIMO;2025-12-31;3.04.05;Despesas com Tributos;-72780.0000000000;MIL;REAL;S
BBSE3;BB SEGURIDADE PARTICIPAÇÕES S.A.;023159;2025-12-31;PENÚLTIMO;2024-12-31;3.04.06;Despesas com Publicações;0.0000000000;MIL;REAL;S
BBSE3;BB SEGURIDADE PARTICIPAÇÕES S.A.;023159;2025-12-31;ÚLTIMO;2025-12-31;3.04.06;Despesas com Publicações;0.0000000000;MIL;REAL;S
BBSE3;BB SEGURIDADE PARTICIPAÇÕES S.A.;023159;2025-12-31;PENÚLTIMO;2024-12-31;3.04.07;Despesas com Donativos e Contribuições;0.0000000000;MIL;REAL;S
BBSE3;BB SEGURIDADE PARTICIPAÇÕES S.A.;023159;2025-12-31;ÚLTIMO;2025-12-31;3.04.07;Despesas com Donativos e Contribuições;0.0000000000;MIL;REAL;S
BBSE3;BB SEGURIDADE PARTICIPAÇÕES S.A.;023159;2025-12-31;PENÚLTIMO;2024-12-31;3.04.08;Outras Despesas Administrativas;-120113.0000000000;MIL;REAL;S
BBSE3;BB SEGURIDADE PARTICIPAÇÕES S.A.;023159;2025-12-31;ÚLTIMO;2025-12-31;3.04.08;Outras Despesas Administrativas;-114782.0000000000;MIL;REAL;S
BBSE3;BB SEGURIDADE PARTICIPAÇÕES S.A.;023159;2025-12-31;PENÚLTIMO;2024-12-31;3.04.08.01;Despesas Administrativas e com Vendas;-101098.0000000000;MIL;REAL;N
BBSE3;BB SEGURIDADE PARTICIPAÇÕES S.A.;023159;2025-12-31;ÚLTIMO;2025-12-31;3.04.08.01;Despesas Administrativas e com Vendas;-114262.0000000000;MIL;REAL;N
BBSE3;BB SEGURIDADE PARTICIPAÇÕES S.A.;023159;2025-12-31;PENÚLTIMO;2024-12-31;3.04.08.02;Outras receitas operacionais;20350.0000000000;MIL;REAL;N
BBSE3;BB SEGURIDADE PARTICIPAÇÕES S.A.;023159;2025-12-31;ÚLTIMO;2025-12-31;3.04.08.02;Outras receitas operacionais;28970.0000000000;MIL;REAL;N
BBSE3;BB SEGURIDADE PARTICIPAÇÕES S.A.;023159;2025-12-31;PENÚLTIMO;2024-12-31;3.04.08.03;Outras despesas operacionais;-39365.0000000000;MIL;REAL;N
BBSE3;BB SEGURIDADE PARTICIPAÇÕES S.A.;023159;2025-12-31;ÚLTIMO;2025-12-31;3.04.08.03;Outras despesas operacionais;-29490.0000000000;MIL;REAL;N
BBSE3;BB SEGURIDADE PARTICIPAÇÕES S.A.;023159;2025-12-31;PENÚLTIMO;2024-12-31;3.05;Outras Receitas e Despesas Operacionais;4689454.0000000000;MIL;REAL;S
BBSE3;BB SEGURIDADE PARTICIPAÇÕES S.A.;023159;2025-12-31;ÚLTIMO;2025-12-31;3.05;Outras Receitas e Despesas Operacionais;4812035.0000000000;MIL;REAL;S
BBSE3;BB SEGURIDADE PARTICIPAÇÕES S.A.;023159;2025-12-31;PENÚLTIMO;2024-12-31;3.05.01;Receitas de Comissões;4868052.0000000000;MIL;REAL;N
BBSE3;BB SEGURIDADE PARTICIPAÇÕES S.A.;023159;2025-12-31;ÚLTIMO;2025-12-31;3.05.01;Receitas de Comissões;4994545.0000000000;MIL;REAL;N
BBSE3;BB SEGURIDADE PARTICIPAÇÕES S.A.;023159;2025-12-31;PENÚLTIMO;2024-12-31;3.05.02;Custo dos serviços prestados;-178598.0000000000;MIL;REAL;N
BBSE3;BB SEGURIDADE PARTICIPAÇÕES S.A.;023159;2025-12-31;ÚLTIMO;2025-12-31;3.05.02;Custo dos serviços prestados;-182510.0000000000;MIL;REAL;N
BBSE3;BB SEGURIDADE PARTICIPAÇÕES S.A.;023159;2025-12-31;PENÚLTIMO;2024-12-31;3.06;Resultado de Equivalência Patrimonial;5311964.0000000000;MIL;REAL;S
BBSE3;BB SEGURIDADE PARTICIPAÇÕES S.A.;023159;2025-12-31;ÚLTIMO;2025-12-31;3.06;Resultado de Equivalência Patrimonial;5340918.0000000000;MIL;REAL;S
BBSE3;BB SEGURIDADE PARTICIPAÇÕES S.A.;023159;2025-12-31;PENÚLTIMO;2024-12-31;3.06.01;Receitas de Equivalência Patrimonial;5311964.0000000000;MIL;REAL;S
BBSE3;BB SEGURIDADE PARTICIPAÇÕES S.A.;023159;2025-12-31;ÚLTIMO;2025-12-31;3.06.01;Receitas de Equivalência Patrimonial;5340918.0000000000;MIL;REAL;S
BBSE3;BB SEGURIDADE PARTICIPAÇÕES S.A.;023159;2025-12-31;PENÚLTIMO;2024-12-31;3.06.02;Despesas de Equivalência Patrimonial;0.0000000000;MIL;REAL;S
BBSE3;BB SEGURIDADE PARTICIPAÇÕES S.A.;023159;2025-12-31;ÚLTIMO;2025-12-31;3.06.02;Despesas de Equivalência Patrimonial;0.0000000000;MIL;REAL;S
BBSE3;BB SEGURIDADE PARTICIPAÇÕES S.A.;023159;2025-12-31;PENÚLTIMO;2024-12-31;3.07;Resultado Antes do Resultado Financeiro e dos Tributos;9757267.0000000000;MIL;REAL;S
BBSE3;BB SEGURIDADE PARTICIPAÇÕES S.A.;023159;2025-12-31;ÚLTIMO;2025-12-31;3.07;Resultado Antes do Resultado Financeiro e dos Tributos;9865768.0000000000;MIL;REAL;S
BBSE3;BB SEGURIDADE PARTICIPAÇÕES S.A.;023159;2025-12-31;PENÚLTIMO;2024-12-31;3.08;Resultado Financeiro;653722.0000000000;MIL;REAL;S
BBSE3;BB SEGURIDADE PARTICIPAÇÕES S.A.;023159;2025-12-31;ÚLTIMO;2025-12-31;3.08;Resultado Financeiro;1075600.0000000000;MIL;REAL;S
BBSE3;BB SEGURIDADE PARTICIPAÇÕES S.A.;023159;2025-12-31;PENÚLTIMO;2024-12-31;3.08.01;Receitas Financeiras;696360.0000000000;MIL;REAL;N
BBSE3;BB SEGURIDADE PARTICIPAÇÕES S.A.;023159;2025-12-31;ÚLTIMO;2025-12-31;3.08.01;Receitas Financeiras;1174046.0000000000;MIL;REAL;N
BBSE3;BB SEGURIDADE PARTICIPAÇÕES S.A.;023159;2025-12-31;PENÚLTIMO;2024-12-31;3.08.02;Despesas Financeiras;-42638.0000000000;MIL;REAL;N
BBSE3;BB SEGURIDADE PARTICIPAÇÕES S.A.;023159;2025-12-31;ÚLTIMO;2025-12-31;3.08.02;Despesas Financeiras;-98446.0000000000;MIL;REAL;N
BBSE3;BB SEGURIDADE PARTICIPAÇÕES S.A.;023159;2025-12-31;PENÚLTIMO;2024-12-31;3.08.03;Resultado Financeiro Líquido de Seguros/Resseguros/Retrocessões;0.0000000000;MIL;REAL;N
BBSE3;BB SEGURIDADE PARTICIPAÇÕES S.A.;023159;2025-12-31;ÚLTIMO;2025-12-31;3.08.03;Resultado Financeiro Líquido de Seguros/Resseguros/Retrocessões;0.0000000000;MIL;REAL;N
BBSE3;BB SEGURIDADE PARTICIPAÇÕES S.A.;023159;2025-12-31;PENÚLTIMO;2024-12-31;3.09;Resultado Antes dos Tributos sobre o Lucro;10410989.0000000000;MIL;REAL;S
BBSE3;BB SEGURIDADE PARTICIPAÇÕES S.A.;023159;2025-12-31;ÚLTIMO;2025-12-31;3.09;Resultado Antes dos Tributos sobre o Lucro;10941368.0000000000;MIL;REAL;S
BBSE3;BB SEGURIDADE PARTICIPAÇÕES S.A.;023159;2025-12-31;PENÚLTIMO;2024-12-31;3.10;Imposto de Renda e Contribuição Social sobre o Lucro;-1707636.0000000000;MIL;REAL;S
BBSE3;BB SEGURIDADE PARTICIPAÇÕES S.A.;023159;2025-12-31;ÚLTIMO;2025-12-31;3.10;Imposto de Renda e Contribuição Social sobre o Lucro;-1924039.0000000000;MIL;REAL;S
BBSE3;BB SEGURIDADE PARTICIPAÇÕES S.A.;023159;2025-12-31;PENÚLTIMO;2024-12-31;3.10.01;Corrente;-1707636.0000000000;MIL;REAL;N
BBSE3;BB SEGURIDADE PARTICIPAÇÕES S.A.;023159;2025-12-31;ÚLTIMO;2025-12-31;3.10.01;Corrente;-1924039.0000000000;MIL;REAL;N
BBSE3;BB SEGURIDADE PARTICIPAÇÕES S.A.;023159;2025-12-31;PENÚLTIMO;2024-12-31;3.10.02;Diferido;0.0000000000;MIL;REAL;N
BBSE3;BB SEGURIDADE PARTICIPAÇÕES S.A.;023159;2025-12-31;ÚLTIMO;2025-12-31;3.10.02;Diferido;0.0000000000;MIL;REAL;N
BBSE3;BB SEGURIDADE PARTICIPAÇÕES S.A.;023159;2025-12-31;PENÚLTIMO;2024-12-31;3.11;Resultado Líquido das Operações Continuadas;8703353.0000000000;MIL;REAL;S
BBSE3;BB SEGURIDADE PARTICIPAÇÕES S.A.;023159;2025-12-31;ÚLTIMO;2025-12-31;3.11;Resultado Líquido das Operações Continuadas;9017329.0000000000;MIL;REAL;S
BBSE3;BB SEGURIDADE PARTICIPAÇÕES S.A.;023159;2025-12-31;PENÚLTIMO;2024-12-31;3.12;Resultado Líquido de Operações Descontinuadas;0.0000000000;MIL;REAL;S
BBSE3;BB SEGURIDADE PARTICIPAÇÕES S.A.;023159;2025-12-31;ÚLTIMO;2025-12-31;3.12;Resultado Líquido de Operações Descontinuadas;0.0000000000;MIL;REAL;S
BBSE3;BB SEGURIDADE PARTICIPAÇÕES S.A.;023159;2025-12-31;PENÚLTIMO;2024-12-31;3.12.01;Lucro/Prejuízo Líquido das Operações Descontinuadas;0.0000000000;MIL;REAL;S
BBSE3;BB SEGURIDADE PARTICIPAÇÕES S.A.;023159;2025-12-31;ÚLTIMO;2025-12-31;3.12.01;Lucro/Prejuízo Líquido das Operações Descontinuadas;0.0000000000;MIL;REAL;S
BBSE3;BB SEGURIDADE PARTICIPAÇÕES S.A.;023159;2025-12-31;PENÚLTIMO;2024-12-31;3.12.02;Ganhos/Perdas Líquidas sobre Ativos de Operações Descontinuadas;0.0000000000;MIL;REAL;S
BBSE3;BB SEGURIDADE PARTICIPAÇÕES S.A.;023159;2025-12-31;ÚLTIMO;2025-12-31;3.12.02;Ganhos/Perdas Líquidas sobre Ativos de Operações Descontinuadas;0.0000000000;MIL;REAL;S
BBSE3;BB SEGURIDADE PARTICIPAÇÕES S.A.;023159;2025-12-31;PENÚLTIMO;2024-12-31;3.13;Lucro/Prejuízo Consolidado do Período;8703353.0000000000;MIL;REAL;S
BBSE3;BB SEGURIDADE PARTICIPAÇÕES S.A.;023159;2025-12-31;ÚLTIMO;2025-12-31;3.13;Lucro/Prejuízo Consolidado do Período;9017329.0000000000;MIL;REAL;S
BBSE3;BB SEGURIDADE PARTICIPAÇÕES S.A.;023159;2025-12-31;PENÚLTIMO;2024-12-31;3.13.01;Atribuído a Sócios da Empresa Controladora;8703353.0000000000;MIL;REAL;S
BBSE3;BB SEGURIDADE PARTICIPAÇÕES S.A.;023159;2025-12-31;ÚLTIMO;2025-12-31;3.13.01;Atribuído a Sócios da Empresa Controladora;9017329.0000000000;MIL;REAL;S
BBSE3;BB SEGURIDADE PARTICIPAÇÕES S.A.;023159;2025-12-31;PENÚLTIMO;2024-12-31;3.13.02;Atribuído a Sócios Não Controladores;0.0000000000;MIL;REAL;S
BBSE3;BB SEGURIDADE PARTICIPAÇÕES S.A.;023159;2025-12-31;ÚLTIMO;2025-12-31;3.13.02;Atribuído a Sócios Não Controladores;0.0000000000;MIL;REAL;S
BBSE3;BB SEGURIDADE PARTICIPAÇÕES S.A.;023159;2025-12-31;PENÚLTIMO;2024-12-31;3.99;Lucro por Ação - (R$ / Ação);0.0000000000;MIL;REAL;N
BBSE3;BB SEGURIDADE PARTICIPAÇÕES S.A.;023159;2025-12-31;ÚLTIMO;2025-12-31;3.99;Lucro por Ação - (R$ / Ação);0.0000000000;MIL;REAL;N
BBSE3;BB SEGURIDADE PARTICIPAÇÕES S.A.;023159;2025-12-31;PENÚLTIMO;2024-12-31;3.99.01;Lucro Básico por Ação;0.0000000000;MIL;REAL;N
BBSE3;BB SEGURIDADE PARTICIPAÇÕES S.A.;023159;2025-12-31;ÚLTIMO;2025-12-31;3.99.01;Lucro Básico por Ação;0.0000000000;MIL;REAL;N
BBSE3;BB SEGURIDADE PARTICIPAÇÕES S.A.;023159;2025-12-31;PENÚLTIMO;2024-12-31;3.99.01.01;ON;4.4600000000;MIL;REAL;N
BBSE3;BB SEGURIDADE PARTICIPAÇÕES S.A.;023159;2025-12-31;ÚLTIMO;2025-12-31;3.99.01.01;ON;4.6500000000;MIL;REAL;N
BBSE3;BB SEGURIDADE PARTICIPAÇÕES S.A.;023159;2025-12-31;PENÚLTIMO;2024-12-31;3.99.02;Lucro Diluído por Ação;0.0000000000;MIL;REAL;N
BBSE3;BB SEGURIDADE PARTICIPAÇÕES S.A.;023159;2025-12-31;ÚLTIMO;2025-12-31;3.99.02;Lucro Diluído por Ação;0.0000000000;MIL;REAL;N
BBSE3;BB SEGURIDADE PARTICIPAÇÕES S.A.;023159;2025-12-31;PENÚLTIMO;2024-12-31;3.99.02.01;ON;4.4600000000;MIL;REAL;N
BBSE3;BB SEGURIDADE PARTICIPAÇÕES S.A.;023159;2025-12-31;ÚLTIMO;2025-12-31;3.99.02.01;ON;4.6500000000;MIL;REAL;N
VALE3;VALE S.A.;004170;2025-12-31;PENÚLTIMO;2024-12-31;3.01;Receita de Venda de Bens e/ou Serviços;206005000.0000000000;MIL;REAL;S
VALE3;VALE S.A.;004170;2025-12-31;ÚLTIMO;2025-12-31;3.01;Receita de Venda de Bens e/ou Serviços;213595000.0000000000;MIL;REAL;S
VALE3;VALE S.A.;004170;2025-12-31;PENÚLTIMO;2024-12-31;3.02;Custo dos Bens e/ou Serviços Vendidos;-131318000.0000000000;MIL;REAL;S
VALE3;VALE S.A.;004170;2025-12-31;ÚLTIMO;2025-12-31;3.02;Custo dos Bens e/ou Serviços Vendidos;-138887000.0000000000;MIL;REAL;S
VALE3;VALE S.A.;004170;2025-12-31;PENÚLTIMO;2024-12-31;3.03;Resultado Bruto;74687000.0000000000;MIL;REAL;S
VALE3;VALE S.A.;004170;2025-12-31;ÚLTIMO;2025-12-31;3.03;Resultado Bruto;74708000.0000000000;MIL;REAL;S
VALE3;VALE S.A.;004170;2025-12-31;PENÚLTIMO;2024-12-31;3.04;Despesas/Receitas Operacionais;-19228000.0000000000;MIL;REAL;S
VALE3;VALE S.A.;004170;2025-12-31;ÚLTIMO;2025-12-31;3.04;Despesas/Receitas Operacionais;-42739000.0000000000;MIL;REAL;S
VALE3;VALE S.A.;004170;2025-12-31;PENÚLTIMO;2024-12-31;3.04.01;Despesas com Vendas;0.0000000000;MIL;REAL;S
VALE3;VALE S.A.;004170;2025-12-31;ÚLTIMO;2025-12-31;3.04.01;Despesas com Vendas;0.0000000000;MIL;REAL;S
VALE3;VALE S.A.;004170;2025-12-31;PENÚLTIMO;2024-12-31;3.04.02;Despesas Gerais e Administrativas;-3397000.0000000000;MIL;REAL;S
VALE3;VALE S.A.;004170;2025-12-31;ÚLTIMO;2025-12-31;3.04.02;Despesas Gerais e Administrativas;-3566000.0000000000;MIL;REAL;S
VALE3;VALE S.A.;004170;2025-12-31;PENÚLTIMO;2024-12-31;3.04.03;Perdas pela Não Recuperabilidade de Ativos;510000.0000000000;MIL;REAL;S
VALE3;VALE S.A.;004170;2025-12-31;ÚLTIMO;2025-12-31;3.04.03;Perdas pela Não Recuperabilidade de Ativos;-25147000.0000000000;MIL;REAL;S
VALE3;VALE S.A.;004170;2025-12-31;PENÚLTIMO;2024-12-31;3.04.04;Outras Receitas Operacionais;0.0000000000;MIL;REAL;S
VALE3;VALE S.A.;004170;2025-12-31;ÚLTIMO;2025-12-31;3.04.04;Outras Receitas Operacionais;0.0000000000;MIL;REAL;S
VALE3;VALE S.A.;004170;2025-12-31;PENÚLTIMO;2024-12-31;3.04.05;Outras Despesas Operacionais;-14771000.0000000000;MIL;REAL;S
VALE3;VALE S.A.;004170;2025-12-31;ÚLTIMO;2025-12-31;3.04.05;Outras Despesas Operacionais;-12856000.0000000000;MIL;REAL;S
VALE3;VALE S.A.;004170;2025-12-31;PENÚLTIMO;2024-12-31;3.04.05.01;Evento Brumadinho;-1530000.0000000000;MIL;REAL;N
VALE3;VALE S.A.;004170;2025-12-31;ÚLTIMO;2025-12-31;3.04.05.01;Evento Brumadinho;-2289000.0000000000;MIL;REAL;N
VALE3;VALE S.A.;004170;2025-12-31;PENÚLTIMO;2024-12-31;3.04.05.02;Outras despesas operacionais;-13241000.0000000000;MIL;REAL;N
VALE3;VALE S.A.;004170;2025-12-31;ÚLTIMO;2025-12-31;3.04.05.02;Outras despesas operacionais;-10567000.0000000000;MIL;REAL;N
VALE3;VALE S.A.;004170;2025-12-31;PENÚLTIMO;2024-12-31;3.04.06;Resultado de Equivalência Patrimonial;-1570000.0000000000;MIL;REAL;S
VALE3;VALE S.A.;004170;2025-12-31;ÚLTIMO;2025-12-31;3.04.06;Resultado de Equivalência Patrimonial;-1170000.0000000000;MIL;REAL;S
VALE3;VALE S.A.;004170;2025-12-31;PENÚLTIMO;2024-12-31;3.05;Resultado Antes do Resultado Financeiro e dos Tributos;55459000.0000000000;MIL;REAL;S
VALE3;VALE S.A.;004170;2025-12-31;ÚLTIMO;2025-12-31;3.05;Resultado Antes do Resultado Financeiro e dos Tributos;31969000.0000000000;MIL;REAL;S
VALE3;VALE S.A.;004170;2025-12-31;PENÚLTIMO;2024-12-31;3.06;Resultado Financeiro;-21235000.0000000000;MIL;REAL;S
VALE3;VALE S.A.;004170;2025-12-31;ÚLTIMO;2025-12-31;3.06;Resultado Financeiro;-5276000.0000000000;MIL;REAL;S
VALE3;VALE S.A.;004170;2025-12-31;PENÚLTIMO;2024-12-31;3.06.01;Receitas Financeiras;2281000.0000000000;MIL;REAL;S
VALE3;VALE S.A.;004170;2025-12-31;ÚLTIMO;2025-12-31;3.06.01;Receitas Financeiras;2803000.0000000000;MIL;REAL;S
VALE3;VALE S.A.;004170;2025-12-31;PENÚLTIMO;2024-12-31;3.06.02;Despesas Financeiras;-23516000.0000000000;MIL;REAL;S
VALE3;VALE S.A.;004170;2025-12-31;ÚLTIMO;2025-12-31;3.06.02;Despesas Financeiras;-8079000.0000000000;MIL;REAL;S
VALE3;VALE S.A.;004170;2025-12-31;PENÚLTIMO;2024-12-31;3.06.02.01;Despesas financeiras;0.0000000000;MIL;REAL;N
VALE3;VALE S.A.;004170;2025-12-31;ÚLTIMO;2025-12-31;3.06.02.01;Despesas financeiras;0.0000000000;MIL;REAL;N
VALE3;VALE S.A.;004170;2025-12-31;PENÚLTIMO;2024-12-31;3.06.02.02;Resultado de alienação/baixa de participação JV/coligadas;0.0000000000;MIL;REAL;N
VALE3;VALE S.A.;004170;2025-12-31;ÚLTIMO;2025-12-31;3.06.02.02;Resultado de alienação/baixa de participação JV/coligadas;0.0000000000;MIL;REAL;N
VALE3;VALE S.A.;004170;2025-12-31;PENÚLTIMO;2024-12-31;3.07;Resultado Antes dos Tributos sobre o Lucro;34224000.0000000000;MIL;REAL;S
VALE3;VALE S.A.;004170;2025-12-31;ÚLTIMO;2025-12-31;3.07;Resultado Antes dos Tributos sobre o Lucro;26693000.0000000000;MIL;REAL;S
VALE3;VALE S.A.;004170;2025-12-31;PENÚLTIMO;2024-12-31;3.08;Imposto de Renda e Contribuição Social sobre o Lucro;-3793000.0000000000;MIL;REAL;S
VALE3;VALE S.A.;004170;2025-12-31;ÚLTIMO;2025-12-31;3.08;Imposto de Renda e Contribuição Social sobre o Lucro;-14882000.0000000000;MIL;REAL;S
VALE3;VALE S.A.;004170;2025-12-31;PENÚLTIMO;2024-12-31;3.08.01;Corrente;-10595000.0000000000;MIL;REAL;S
VALE3;VALE S.A.;004170;2025-12-31;ÚLTIMO;2025-12-31;3.08.01;Corrente;264000.0000000000;MIL;REAL;S
VALE3;VALE S.A.;004170;2025-12-31;PENÚLTIMO;2024-12-31;3.08.02;Diferido;6802000.0000000000;MIL;REAL;S
VALE3;VALE S.A.;004170;2025-12-31;ÚLTIMO;2025-12-31;3.08.02;Diferido;-15146000.0000000000;MIL;REAL;S
VALE3;VALE S.A.;004170;2025-12-31;PENÚLTIMO;2024-12-31;3.09;Resultado Líquido das Operações Continuadas;30431000.0000000000;MIL;REAL;S
VALE3;VALE S.A.;004170;2025-12-31;ÚLTIMO;2025-12-31;3.09;Resultado Líquido das Operações Continuadas;11811000.0000000000;MIL;REAL;S
VALE3;VALE S.A.;004170;2025-12-31;PENÚLTIMO;2024-12-31;3.10;Resultado Líquido de Operações Descontinuadas;0.0000000000;MIL;REAL;S
VALE3;VALE S.A.;004170;2025-12-31;ÚLTIMO;2025-12-31;3.10;Resultado Líquido de Operações Descontinuadas;0.0000000000;MIL;REAL;S
VALE3;VALE S.A.;004170;2025-12-31;PENÚLTIMO;2024-12-31;3.10.01;Lucro/Prejuízo Líquido das Operações Descontinuadas;0.0000000000;MIL;REAL;S
VALE3;VALE S.A.;004170;2025-12-31;ÚLTIMO;2025-12-31;3.10.01;Lucro/Prejuízo Líquido das Operações Descontinuadas;0.0000000000;MIL;REAL;S
VALE3;VALE S.A.;004170;2025-12-31;PENÚLTIMO;2024-12-31;3.10.02;Ganhos/Perdas Líquidas sobre Ativos de Operações Descontinuadas;0.0000000000;MIL;REAL;S
VALE3;VALE S.A.;004170;2025-12-31;ÚLTIMO;2025-12-31;3.10.02;Ganhos/Perdas Líquidas sobre Ativos de Operações Descontinuadas;0.0000000000;MIL;REAL;S
VALE3;VALE S.A.;004170;2025-12-31;PENÚLTIMO;2024-12-31;3.11;Lucro/Prejuízo Consolidado do Período;30431000.0000000000;MIL;REAL;S
VALE3;VALE S.A.;004170;2025-12-31;ÚLTIMO;2025-12-31;3.11;Lucro/Prejuízo Consolidado do Período;11811000.0000000000;MIL;REAL;S
VALE3;VALE S.A.;004170;2025-12-31;PENÚLTIMO;2024-12-31;3.11.01;Atribuído a Sócios da Empresa Controladora;31592000.0000000000;MIL;REAL;S
VALE3;VALE S.A.;004170;2025-12-31;ÚLTIMO;2025-12-31;3.11.01;Atribuído a Sócios da Empresa Controladora;13814000.0000000000;MIL;REAL;S
VALE3;VALE S.A.;004170;2025-12-31;PENÚLTIMO;2024-12-31;3.11.02;Atribuído a Sócios Não Controladores;-1161000.0000000000;MIL;REAL;S
VALE3;VALE S.A.;004170;2025-12-31;ÚLTIMO;2025-12-31;3.11.02;Atribuído a Sócios Não Controladores;-2003000.0000000000;MIL;REAL;S
VALE3;VALE S.A.;004170;2025-12-31;PENÚLTIMO;2024-12-31;3.99;Lucro por Ação - (Reais / Ação);0.0000000000;MIL;REAL;N
VALE3;VALE S.A.;004170;2025-12-31;ÚLTIMO;2025-12-31;3.99;Lucro por Ação - (Reais / Ação);0.0000000000;MIL;REAL;N
VALE3;VALE S.A.;004170;2025-12-31;PENÚLTIMO;2024-12-31;3.99.01;Lucro Básico por Ação;0.0000000000;MIL;REAL;N
VALE3;VALE S.A.;004170;2025-12-31;ÚLTIMO;2025-12-31;3.99.01;Lucro Básico por Ação;0.0000000000;MIL;REAL;N
VALE3;VALE S.A.;004170;2025-12-31;PENÚLTIMO;2024-12-31;3.99.01.01;PNA;0.0000000000;MIL;REAL;N
VALE3;VALE S.A.;004170;2025-12-31;ÚLTIMO;2025-12-31;3.99.01.01;PNA;0.0000000000;MIL;REAL;N
VALE3;VALE S.A.;004170;2025-12-31;PENÚLTIMO;2024-12-31;3.99.01.02;ON;7.3900000000;MIL;REAL;N
VALE3;VALE S.A.;004170;2025-12-31;ÚLTIMO;2025-12-31;3.99.01.02;ON;3.2400000000;MIL;REAL;N
VALE3;VALE S.A.;004170;2025-12-31;PENÚLTIMO;2024-12-31;3.99.02;Lucro Diluído por Ação;0.0000000000;MIL;REAL;N
VALE3;VALE S.A.;004170;2025-12-31;ÚLTIMO;2025-12-31;3.99.02;Lucro Diluído por Ação;0.0000000000;MIL;REAL;N
VALE3;VALE S.A.;004170;2025-12-31;PENÚLTIMO;2024-12-31;3.99.02.01;PNA;0.0000000000;MIL;REAL;N
VALE3;VALE S.A.;004170;2025-12-31;ÚLTIMO;2025-12-31;3.99.02.01;PNA;0.0000000000;MIL;REAL;N
VALE3;VALE S.A.;004170;2025-12-31;PENÚLTIMO;2024-12-31;3.99.02.02;ON;7.3800000000;MIL;REAL;N
VALE3;VALE S.A.;004170;2025-12-31;ÚLTIMO;2025-12-31;3.99.02.02;ON;3.2300000000;MIL;REAL;N
WEGE3;WEG S.A.;005410;2025-12-31;PENÚLTIMO;2024-12-31;3.01;Receita de Venda de Bens e/ou Serviços;37986941.0000000000;MIL;REAL;S
WEGE3;WEG S.A.;005410;2025-12-31;ÚLTIMO;2025-12-31;3.01;Receita de Venda de Bens e/ou Serviços;40804110.0000000000;MIL;REAL;S
WEGE3;WEG S.A.;005410;2025-12-31;PENÚLTIMO;2024-12-31;3.02;Custo dos Bens e/ou Serviços Vendidos;-25173096.0000000000;MIL;REAL;S
WEGE3;WEG S.A.;005410;2025-12-31;ÚLTIMO;2025-12-31;3.02;Custo dos Bens e/ou Serviços Vendidos;-27122477.0000000000;MIL;REAL;S
WEGE3;WEG S.A.;005410;2025-12-31;PENÚLTIMO;2024-12-31;3.03;Resultado Bruto;12813845.0000000000;MIL;REAL;S
WEGE3;WEG S.A.;005410;2025-12-31;ÚLTIMO;2025-12-31;3.03;Resultado Bruto;13681633.0000000000;MIL;REAL;S
WEGE3;WEG S.A.;005410;2025-12-31;PENÚLTIMO;2024-12-31;3.04;Despesas/Receitas Operacionais;-5123317.0000000000;MIL;REAL;S
WEGE3;WEG S.A.;005410;2025-12-31;ÚLTIMO;2025-12-31;3.04;Despesas/Receitas Operacionais;-5682892.0000000000;MIL;REAL;S
WEGE3;WEG S.A.;005410;2025-12-31;PENÚLTIMO;2024-12-31;3.04.01;Despesas com Vendas;-2987307.0000000000;MIL;REAL;S
WEGE3;WEG S.A.;005410;2025-12-31;ÚLTIMO;2025-12-31;3.04.01;Despesas com Vendas;-3353431.0000000000;MIL;REAL;S
WEGE3;WEG S.A.;005410;2025-12-31;PENÚLTIMO;2024-12-31;3.04.01.01;(Provisão) reversão ao valor recuperável de clientes;-22896.0000000000;MIL;REAL;N
WEGE3;WEG S.A.;005410;2025-12-31;ÚLTIMO;2025-12-31;3.04.01.01;(Provisão) reversão ao valor recuperável de clientes;-74335.0000000000;MIL;REAL;N
WEGE3;WEG S.A.;005410;2025-12-31;PENÚLTIMO;2024-12-31;3.04.01.02;Outras Despesas de Vendas;-2964411.0000000000;MIL;REAL;N
WEGE3;WEG S.A.;005410;2025-12-31;ÚLTIMO;2025-12-31;3.04.01.02;Outras Despesas de Vendas;-3279096.0000000000;MIL;REAL;N
WEGE3;WEG S.A.;005410;2025-12-31;PENÚLTIMO;2024-12-31;3.04.02;Despesas Gerais e Administrativas;-1299421.0000000000;MIL;REAL;S
WEGE3;WEG S.A.;005410;2025-12-31;ÚLTIMO;2025-12-31;3.04.02;Despesas Gerais e Administrativas;-1513882.0000000000;MIL;REAL;S
WEGE3;WEG S.A.;005410;2025-12-31;PENÚLTIMO;2024-12-31;3.04.02.01;Honorários dos Administradores;-21646.0000000000;MIL;REAL;N
WEGE3;WEG S.A.;005410;2025-12-31;ÚLTIMO;2025-12-31;3.04.02.01;Honorários dos Administradores;-21427.0000000000;MIL;REAL;N
WEGE3;WEG S.A.;005410;2025-12-31;PENÚLTIMO;2024-12-31;3.04.02.02;Outras;-1277775.0000000000;MIL;REAL;N
WEGE3;WEG S.A.;005410;2025-12-31;ÚLTIMO;2025-12-31;3.04.02.02;Outras;-1492455.0000000000;MIL;REAL;N
WEGE3;WEG S.A.;005410;2025-12-31;PENÚLTIMO;2024-12-31;3.04.03;Perdas pela Não Recuperabilidade de Ativos;0.0000000000;MIL;REAL;S
WEGE3;WEG S.A.;005410;2025-12-31;ÚLTIMO;2025-12-31;3.04.03;Perdas pela Não Recuperabilidade de Ativos;0.0000000000;MIL;REAL;S
WEGE3;WEG S.A.;005410;2025-12-31;PENÚLTIMO;2024-12-31;3.04.04;Outras Receitas Operacionais;163792.0000000000;MIL;REAL;S
WEGE3;WEG S.A.;005410;2025-12-31;ÚLTIMO;2025-12-31;3.04.04;Outras Receitas Operacionais;222777.0000000000;MIL;REAL;S
WEGE3;WEG S.A.;005410;2025-12-31;PENÚLTIMO;2024-12-31;3.04.05;Outras Despesas Operacionais;-995183.0000000000;MIL;REAL;S
WEGE3;WEG S.A.;005410;2025-12-31;ÚLTIMO;2025-12-31;3.04.05;Outras Despesas Operacionais;-1026740.0000000000;MIL;REAL;S
WEGE3;WEG S.A.;005410;2025-12-31;PENÚLTIMO;2024-12-31;3.04.06;Resultado de Equivalência Patrimonial;-5198.0000000000;MIL;REAL;S
WEGE3;WEG S.A.;005410;2025-12-31;ÚLTIMO;2025-12-31;3.04.06;Resultado de Equivalência Patrimonial;-11616.0000000000;MIL;REAL;S
WEGE3;WEG S.A.;005410;2025-12-31;PENÚLTIMO;2024-12-31;3.05;Resultado Antes do Resultado Financeiro e dos Tributos;7690528.0000000000;MIL;REAL;S
WEGE3;WEG S.A.;005410;2025-12-31;ÚLTIMO;2025-12-31;3.05;Resultado Antes do Resultado Financeiro e dos Tributos;7998741.0000000000;MIL;REAL;S
WEGE3;WEG S.A.;005410;2025-12-31;PENÚLTIMO;2024-12-31;3.06;Resultado Financeiro;217980.0000000000;MIL;REAL;S
WEGE3;WEG S.A.;005410;2025-12-31;ÚLTIMO;2025-12-31;3.06;Resultado Financeiro;148936.0000000000;MIL;REAL;S
WEGE3;WEG S.A.;005410;2025-12-31;PENÚLTIMO;2024-12-31;3.06.01;Receitas Financeiras;1942118.0000000000;MIL;REAL;S
WEGE3;WEG S.A.;005410;2025-12-31;ÚLTIMO;2025-12-31;3.06.01;Receitas Financeiras;2322314.0000000000;MIL;REAL;S
WEGE3;WEG S.A.;005410;2025-12-31;PENÚLTIMO;2024-12-31;3.06.02;Despesas Financeiras;-1724138.0000000000;MIL;REAL;S
WEGE3;WEG S.A.;005410;2025-12-31;ÚLTIMO;2025-12-31;3.06.02;Despesas Financeiras;-2173378.0000000000;MIL;REAL;S
WEGE3;WEG S.A.;005410;2025-12-31;PENÚLTIMO;2024-12-31;3.07;Resultado Antes dos Tributos sobre o Lucro;7908508.0000000000;MIL;REAL;S
WEGE3;WEG S.A.;005410;2025-12-31;ÚLTIMO;2025-12-31;3.07;Resultado Antes dos Tributos sobre o Lucro;8147677.0000000000;MIL;REAL;S
WEGE3;WEG S.A.;005410;2025-12-31;PENÚLTIMO;2024-12-31;3.08;Imposto de Renda e Contribuição Social sobre o Lucro;-1589745.0000000000;MIL;REAL;S
WEGE3;WEG S.A.;005410;2025-12-31;ÚLTIMO;2025-12-31;3.08;Imposto de Renda e Contribuição Social sobre o Lucro;-1371719.0000000000;MIL;REAL;S
WEGE3;WEG S.A.;005410;2025-12-31;PENÚLTIMO;2024-12-31;3.08.01;Corrente;-1611654.0000000000;MIL;REAL;S
WEGE3;WEG S.A.;005410;2025-12-31;ÚLTIMO;2025-12-31;3.08.01;Corrente;-1270231.0000000000;MIL;REAL;S
WEGE3;WEG S.A.;005410;2025-12-31;PENÚLTIMO;2024-12-31;3.08.02;Diferido;21909.0000000000;MIL;REAL;S
WEGE3;WEG S.A.;005410;2025-12-31;ÚLTIMO;2025-12-31;3.08.02;Diferido;-101488.0000000000;MIL;REAL;S
WEGE3;WEG S.A.;005410;2025-12-31;PENÚLTIMO;2024-12-31;3.09;Resultado Líquido das Operações Continuadas;6318763.0000000000;MIL;REAL;S
WEGE3;WEG S.A.;005410;2025-12-31;ÚLTIMO;2025-12-31;3.09;Resultado Líquido das Operações Continuadas;6775958.0000000000;MIL;REAL;S
WEGE3;WEG S.A.;005410;2025-12-31;PENÚLTIMO;2024-12-31;3.10;Resultado Líquido de Operações Descontinuadas;0.0000000000;MIL;REAL;S
WEGE3;WEG S.A.;005410;2025-12-31;ÚLTIMO;2025-12-31;3.10;Resultado Líquido de Operações Descontinuadas;0.0000000000;MIL;REAL;S
WEGE3;WEG S.A.;005410;2025-12-31;PENÚLTIMO;2024-12-31;3.10.01;Lucro/Prejuízo Líquido das Operações Descontinuadas;0.0000000000;MIL;REAL;S
WEGE3;WEG S.A.;005410;2025-12-31;ÚLTIMO;2025-12-31;3.10.01;Lucro/Prejuízo Líquido das Operações Descontinuadas;0.0000000000;MIL;REAL;S
WEGE3;WEG S.A.;005410;2025-12-31;PENÚLTIMO;2024-12-31;3.10.02;Ganhos/Perdas Líquidas sobre Ativos de Operações Descontinuadas;0.0000000000;MIL;REAL;S
WEGE3;WEG S.A.;005410;2025-12-31;ÚLTIMO;2025-12-31;3.10.02;Ganhos/Perdas Líquidas sobre Ativos de Operações Descontinuadas;0.0000000000;MIL;REAL;S
WEGE3;WEG S.A.;005410;2025-12-31;PENÚLTIMO;2024-12-31;3.11;Lucro/Prejuízo Consolidado do Período;6318763.0000000000;MIL;REAL;S
WEGE3;WEG S.A.;005410;2025-12-31;ÚLTIMO;2025-12-31;3.11;Lucro/Prejuízo Consolidado do Período;6775958.0000000000;MIL;REAL;S
WEGE3;WEG S.A.;005410;2025-12-31;PENÚLTIMO;2024-12-31;3.11.01;Atribuído a Sócios da Empresa Controladora;6042593.0000000000;MIL;REAL;S
WEGE3;WEG S.A.;005410;2025-12-31;ÚLTIMO;2025-12-31;3.11.01;Atribuído a Sócios da Empresa Controladora;6376219.0000000000;MIL;REAL;S
WEGE3;WEG S.A.;005410;2025-12-31;PENÚLTIMO;2024-12-31;3.11.02;Atribuído a Sócios Não Controladores;276170.0000000000;MIL;REAL;S
WEGE3;WEG S.A.;005410;2025-12-31;ÚLTIMO;2025-12-31;3.11.02;Atribuído a Sócios Não Controladores;399739.0000000000;MIL;REAL;S
WEGE3;WEG S.A.;005410;2025-12-31;PENÚLTIMO;2024-12-31;3.99;Lucro por Ação - (Reais / Ação);0.0000000000;MIL;REAL;N
WEGE3;WEG S.A.;005410;2025-12-31;ÚLTIMO;2025-12-31;3.99;Lucro por Ação - (Reais / Ação);0.0000000000;MIL;REAL;N
WEGE3;WEG S.A.;005410;2025-12-31;PENÚLTIMO;2024-12-31;3.99.01;Lucro Básico por Ação;0.0000000000;MIL;REAL;N
WEGE3;WEG S.A.;005410;2025-12-31;ÚLTIMO;2025-12-31;3.99.01;Lucro Básico por Ação;0.0000000000;MIL;REAL;N
WEGE3;WEG S.A.;005410;2025-12-31;PENÚLTIMO;2024-12-31;3.99.01.01;ON;1.4402600000;MIL;REAL;N
WEGE3;WEG S.A.;005410;2025-12-31;ÚLTIMO;2025-12-31;3.99.01.01;ON;1.5197100000;MIL;REAL;N
WEGE3;WEG S.A.;005410;2025-12-31;PENÚLTIMO;2024-12-31;3.99.02;Lucro Diluído por Ação;0.0000000000;MIL;REAL;N
WEGE3;WEG S.A.;005410;2025-12-31;ÚLTIMO;2025-12-31;3.99.02;Lucro Diluído por Ação;0.0000000000;MIL;REAL;N
WEGE3;WEG S.A.;005410;2025-12-31;PENÚLTIMO;2024-12-31;3.99.02.01;ON;1.4399400000;MIL;REAL;N
WEGE3;WEG S.A.;005410;2025-12-31;ÚLTIMO;2025-12-31;3.99.02.01;ON;1.5194000000;MIL;REAL;N
LREN3;LOJAS RENNER S.A.;008133;2025-12-31;PENÚLTIMO;2024-12-31;3.01;Receita de Venda de Bens e/ou Serviços;14436366.0000000000;MIL;REAL;S
LREN3;LOJAS RENNER S.A.;008133;2025-12-31;ÚLTIMO;2025-12-31;3.01;Receita de Venda de Bens e/ou Serviços;15829460.0000000000;MIL;REAL;S
LREN3;LOJAS RENNER S.A.;008133;2025-12-31;PENÚLTIMO;2024-12-31;3.01.01;Receita líquida com vendas de mercadorias;12629856.0000000000;MIL;REAL;N
LREN3;LOJAS RENNER S.A.;008133;2025-12-31;ÚLTIMO;2025-12-31;3.01.01;Receita líquida com vendas de mercadorias;13809964.0000000000;MIL;REAL;N
LREN3;LOJAS RENNER S.A.;008133;2025-12-31;PENÚLTIMO;2024-12-31;3.01.02;Receita líquida com produtos e serviços financeiros;1806510.0000000000;MIL;REAL;N
LREN3;LOJAS RENNER S.A.;008133;2025-12-31;ÚLTIMO;2025-12-31;3.01.02;Receita líquida com produtos e serviços financeiros;2019496.0000000000;MIL;REAL;N
LREN3;LOJAS RENNER S.A.;008133;2025-12-31;PENÚLTIMO;2024-12-31;3.02;Custo dos Bens e/ou Serviços Vendidos;-5694417.0000000000;MIL;REAL;S
LREN3;LOJAS RENNER S.A.;008133;2025-12-31;ÚLTIMO;2025-12-31;3.02;Custo dos Bens e/ou Serviços Vendidos;-6061578.0000000000;MIL;REAL;S
LREN3;LOJAS RENNER S.A.;008133;2025-12-31;PENÚLTIMO;2024-12-31;3.02.01;Custo das vendas com mercadorias;-5639234.0000000000;MIL;REAL;N
LREN3;LOJAS RENNER S.A.;008133;2025-12-31;ÚLTIMO;2025-12-31;3.02.01;Custo das vendas com mercadorias;-6062719.0000000000;MIL;REAL;N
LREN3;LOJAS RENNER S.A.;008133;2025-12-31;PENÚLTIMO;2024-12-31;3.02.02;Custo dos produtos e serviços financeiros;-55183.0000000000;MIL;REAL;N
LREN3;LOJAS RENNER S.A.;008133;2025-12-31;ÚLTIMO;2025-12-31;3.02.02;Custo dos produtos e serviços financeiros;1141.0000000000;MIL;REAL;N
LREN3;LOJAS RENNER S.A.;008133;2025-12-31;PENÚLTIMO;2024-12-31;3.03;Resultado Bruto;8741949.0000000000;MIL;REAL;S
LREN3;LOJAS RENNER S.A.;008133;2025-12-31;ÚLTIMO;2025-12-31;3.03;Resultado Bruto;9767882.0000000000;MIL;REAL;S
LREN3;LOJAS RENNER S.A.;008133;2025-12-31;PENÚLTIMO;2024-12-31;3.04;Despesas/Receitas Operacionais;-7482606.0000000000;MIL;REAL;S
LREN3;LOJAS RENNER S.A.;008133;2025-12-31;ÚLTIMO;2025-12-31;3.04;Despesas/Receitas Operacionais;-7970722.0000000000;MIL;REAL;S
LREN3;LOJAS RENNER S.A.;008133;2025-12-31;PENÚLTIMO;2024-12-31;3.04.01;Despesas com Vendas;-3881212.0000000000;MIL;REAL;S
LREN3;LOJAS RENNER S.A.;008133;2025-12-31;ÚLTIMO;2025-12-31;3.04.01;Despesas com Vendas;-4132724.0000000000;MIL;REAL;S
LREN3;LOJAS RENNER S.A.;008133;2025-12-31;PENÚLTIMO;2024-12-31;3.04.02;Despesas Gerais e Administrativas;-1847770.0000000000;MIL;REAL;S
LREN3;LOJAS RENNER S.A.;008133;2025-12-31;ÚLTIMO;2025-12-31;3.04.02;Despesas Gerais e Administrativas;-2010546.0000000000;MIL;REAL;S
LREN3;LOJAS RENNER S.A.;008133;2025-12-31;PENÚLTIMO;2024-12-31;3.04.03;Perdas pela Não Recuperabilidade de Ativos;-957280.0000000000;MIL;REAL;S
LREN3;LOJAS RENNER S.A.;008133;2025-12-31;ÚLTIMO;2025-12-31;3.04.03;Perdas pela Não Recuperabilidade de Ativos;-950543.0000000000;MIL;REAL;S
LREN3;LOJAS RENNER S.A.;008133;2025-12-31;PENÚLTIMO;2024-12-31;3.04.04;Outras Receitas Operacionais;210230.0000000000;MIL;REAL;S
LREN3;LOJAS RENNER S.A.;008133;2025-12-31;ÚLTIMO;2025-12-31;3.04.04;Outras Receitas Operacionais;140175.0000000000;MIL;REAL;S
LREN3;LOJAS RENNER S.A.;008133;2025-12-31;PENÚLTIMO;2024-12-31;3.04.05;Outras Despesas Operacionais;-1006574.0000000000;MIL;REAL;S
LREN3;LOJAS RENNER S.A.;008133;2025-12-31;ÚLTIMO;2025-12-31;3.04.05;Outras Despesas Operacionais;-1017084.0000000000;MIL;REAL;S
LREN3;LOJAS RENNER S.A.;008133;2025-12-31;PENÚLTIMO;2024-12-31;3.04.06;Resultado de Equivalência Patrimonial;0.0000000000;MIL;REAL;S
LREN3;LOJAS RENNER S.A.;008133;2025-12-31;ÚLTIMO;2025-12-31;3.04.06;Resultado de Equivalência Patrimonial;0.0000000000;MIL;REAL;S
LREN3;LOJAS RENNER S.A.;008133;2025-12-31;PENÚLTIMO;2024-12-31;3.05;Resultado Antes do Resultado Financeiro e dos Tributos;1259343.0000000000;MIL;REAL;S
LREN3;LOJAS RENNER S.A.;008133;2025-12-31;ÚLTIMO;2025-12-31;3.05;Resultado Antes do Resultado Financeiro e dos Tributos;1797160.0000000000;MIL;REAL;S
LREN3;LOJAS RENNER S.A.;008133;2025-12-31;PENÚLTIMO;2024-12-31;3.06;Resultado Financeiro;61654.0000000000;MIL;REAL;S
LREN3;LOJAS RENNER S.A.;008133;2025-12-31;ÚLTIMO;2025-12-31;3.06;Resultado Financeiro;-82484.0000000000;MIL;REAL;S
LREN3;LOJAS RENNER S.A.;008133;2025-12-31;PENÚLTIMO;2024-12-31;3.06.01;Receitas Financeiras;547367.0000000000;MIL;REAL;S
LREN3;LOJAS RENNER S.A.;008133;2025-12-31;ÚLTIMO;2025-12-31;3.06.01;Receitas Financeiras;374771.0000000000;MIL;REAL;S
LREN3;LOJAS RENNER S.A.;008133;2025-12-31;PENÚLTIMO;2024-12-31;3.06.02;Despesas Financeiras;-485713.0000000000;MIL;REAL;S
LREN3;LOJAS RENNER S.A.;008133;2025-12-31;ÚLTIMO;2025-12-31;3.06.02;Despesas Financeiras;-457255.0000000000;MIL;REAL;S
LREN3;LOJAS RENNER S.A.;008133;2025-12-31;PENÚLTIMO;2024-12-31;3.07;Resultado Antes dos Tributos sobre o Lucro;1320997.0000000000;MIL;REAL;S
LREN3;LOJAS RENNER S.A.;008133;2025-12-31;ÚLTIMO;2025-12-31;3.07;Resultado Antes dos Tributos sobre o Lucro;1714676.0000000000;MIL;REAL;S
LREN3;LOJAS RENNER S.A.;008133;2025-12-31;PENÚLTIMO;2024-12-31;3.08;Imposto de Renda e Contribuição Social sobre o Lucro;-124329.0000000000;MIL;REAL;S
LREN3;LOJAS RENNER S.A.;008133;2025-12-31;ÚLTIMO;2025-12-31;3.08;Imposto de Renda e Contribuição Social sobre o Lucro;-257110.0000000000;MIL;REAL;S
LREN3;LOJAS RENNER S.A.;008133;2025-12-31;PENÚLTIMO;2024-12-31;3.08.01;Corrente;-118795.0000000000;MIL;REAL;S
LREN3;LOJAS RENNER S.A.;008133;2025-12-31;ÚLTIMO;2025-12-31;3.08.01;Corrente;-201629.0000000000;MIL;REAL;S
LREN3;LOJAS RENNER S.A.;008133;2025-12-31;PENÚLTIMO;2024-12-31;3.08.02;Diferido;-5534.0000000000;MIL;REAL;S
LREN3;LOJAS RENNER S.A.;008133;2025-12-31;ÚLTIMO;2025-12-31;3.08.02;Diferido;-55481.0000000000;MIL;REAL;S
LREN3;LOJAS RENNER S.A.;008133;2025-12-31;PENÚLTIMO;2024-12-31;3.09;Resultado Líquido das Operações Continuadas;1196668.0000000000;MIL;REAL;S
LREN3;LOJAS RENNER S.A.;008133;2025-12-31;ÚLTIMO;2025-12-31;3.09;Resultado Líquido das Operações Continuadas;1457566.0000000000;MIL;REAL;S
LREN3;LOJAS RENNER S.A.;008133;2025-12-31;PENÚLTIMO;2024-12-31;3.10;Resultado Líquido de Operações Descontinuadas;0.0000000000;MIL;REAL;S
LREN3;LOJAS RENNER S.A.;008133;2025-12-31;ÚLTIMO;2025-12-31;3.10;Resultado Líquido de Operações Descontinuadas;0.0000000000;MIL;REAL;S
LREN3;LOJAS RENNER S.A.;008133;2025-12-31;PENÚLTIMO;2024-12-31;3.10.01;Lucro/Prejuízo Líquido das Operações Descontinuadas;0.0000000000;MIL;REAL;S
LREN3;LOJAS RENNER S.A.;008133;2025-12-31;ÚLTIMO;2025-12-31;3.10.01;Lucro/Prejuízo Líquido das Operações Descontinuadas;0.0000000000;MIL;REAL;S
LREN3;LOJAS RENNER S.A.;008133;2025-12-31;PENÚLTIMO;2024-12-31;3.10.02;Ganhos/Perdas Líquidas sobre Ativos de Operações Descontinuadas;0.0000000000;MIL;REAL;S
LREN3;LOJAS RENNER S.A.;008133;2025-12-31;ÚLTIMO;2025-12-31;3.10.02;Ganhos/Perdas Líquidas sobre Ativos de Operações Descontinuadas;0.0000000000;MIL;REAL;S
LREN3;LOJAS RENNER S.A.;008133;2025-12-31;PENÚLTIMO;2024-12-31;3.11;Lucro/Prejuízo Consolidado do Período;1196668.0000000000;MIL;REAL;S
LREN3;LOJAS RENNER S.A.;008133;2025-12-31;ÚLTIMO;2025-12-31;3.11;Lucro/Prejuízo Consolidado do Período;1457566.0000000000;MIL;REAL;S
LREN3;LOJAS RENNER S.A.;008133;2025-12-31;PENÚLTIMO;2024-12-31;3.11.01;Atribuído a Sócios da Empresa Controladora;1196668.0000000000;MIL;REAL;S
LREN3;LOJAS RENNER S.A.;008133;2025-12-31;ÚLTIMO;2025-12-31;3.11.01;Atribuído a Sócios da Empresa Controladora;1457566.0000000000;MIL;REAL;S
LREN3;LOJAS RENNER S.A.;008133;2025-12-31;PENÚLTIMO;2024-12-31;3.11.02;Atribuído a Sócios Não Controladores;0.0000000000;MIL;REAL;S
LREN3;LOJAS RENNER S.A.;008133;2025-12-31;ÚLTIMO;2025-12-31;3.11.02;Atribuído a Sócios Não Controladores;0.0000000000;MIL;REAL;S
LREN3;LOJAS RENNER S.A.;008133;2025-12-31;PENÚLTIMO;2024-12-31;3.99;Lucro por Ação - (Reais / Ação);0.0000000000;MIL;REAL;N
LREN3;LOJAS RENNER S.A.;008133;2025-12-31;ÚLTIMO;2025-12-31;3.99;Lucro por Ação - (Reais / Ação);0.0000000000;MIL;REAL;N
LREN3;LOJAS RENNER S.A.;008133;2025-12-31;PENÚLTIMO;2024-12-31;3.99.01;Lucro Básico por Ação;1.1382000000;MIL;REAL;N
LREN3;LOJAS RENNER S.A.;008133;2025-12-31;ÚLTIMO;2025-12-31;3.99.01;Lucro Básico por Ação;1.4422000000;MIL;REAL;N
LREN3;LOJAS RENNER S.A.;008133;2025-12-31;PENÚLTIMO;2024-12-31;3.99.01.01;ON;1.1382000000;MIL;REAL;N
LREN3;LOJAS RENNER S.A.;008133;2025-12-31;ÚLTIMO;2025-12-31;3.99.01.01;ON;1.4422000000;MIL;REAL;N
LREN3;LOJAS RENNER S.A.;008133;2025-12-31;PENÚLTIMO;2024-12-31;3.99.02;Lucro Diluído por Ação;1.1336000000;MIL;REAL;N
LREN3;LOJAS RENNER S.A.;008133;2025-12-31;ÚLTIMO;2025-12-31;3.99.02;Lucro Diluído por Ação;1.4354000000;MIL;REAL;N
LREN3;LOJAS RENNER S.A.;008133;2025-12-31;PENÚLTIMO;2024-12-31;3.99.02.01;ON;1.1336000000;MIL;REAL;N
LREN3;LOJAS RENNER S.A.;008133;2025-12-31;ÚLTIMO;2025-12-31;3.99.02.01;ON;1.4354000000;MIL;REAL;N
