data,RAIL3,WEGE3,VALE3,ABEV3,BBSE3,B3SA3,LREN3,HAPV3,BOVA11,IBOV
2021-08-20,18.12,35.98,97.55,17.54,19.86,14.2,39.2,15.53,113.65,118053.0
2021-08-23,18.43,35.75,96.2,17.36,19.5,13.65,38.05,15.2,113.05,117472.0
2021-08-24,18.73,35.66,99.71,17.59,19.96,13.9,38.9,15.28,115.63,120211.0
2021-08-25,18.87,36.38,99.5,17.58,20.19,13.99,39.32,15.28,116.14,120818.0
2021-08-26,18.73,36.77,98.23,17.11,19.62,13.66,37.91,14.96,114.07,118724.0
2021-08-27,19.01,36.9,100.69,17.04,19.73,13.94,38.21,14.85,116.18,120678.0
2021-08-30,18.85,36.68,100.05,17.18,19.29,13.7,37.98,14.81,115.08,119740.0
2021-08-31,18.72,35.56,98.68,17.1,19.06,14.07,38.06,14.72,114.08,118781.0
2021-09-01,19.35,36.29,98.85,17.26,19.34,14.43,37.5,14.92,114.8,119396.0
2021-09-02,19.01,35.74,98.54,16.52,18.69,14.07,36.53,14.71,112.15,116677.0
2021-09-03,18.99,36.25,98.61,16.56,19.18,14.05,37.12,14.89,112.09,116933.0
2021-09-06,18.94,36.38,97.06,17.19,19.27,14.32,37.12,15.16,113.48,117869.0
2021-09-08,18.23,36.49,95.04,16.21,18.4,13.12,35.18,14.57,109.08,113413.0
2021-09-09,18.56,38.84,94.7,16.31,18.82,13.63,35.81,14.86,111.51,115361.0
2021-09-10,18.12,38.66,94.81,16.1,19.06,13.81,36.17,14.66,109.88,114286.0
2021-09-13,18.45,38.9,94.76,16.35,19.57,14.2,37.17,15.18,112.12,116404.0
2021-09-14,18.42,39.38,94.09,16.44,19.62,14.13,37.38,15.23,111.7,116181.0
2021-09-15,18.21,39.84,91.74,16.02,19.22,14.05,36.79,15.38,110.68,115063.0
2021-09-16,17.67,39.9,87.93,16.13,19.4,14.12,37.25,15.28,109.44,113794.0
2021-09-17,17.53,39.19,86.15,15.74,19.33,14.18,36.55,15.25,107.14,111439.0
2021-09-20,17.31,38.89,83.31,15.61,18.91,13.68,35.71,14.88,104.77,108844.0
2021-09-21,17.65,39.75,84.12,15.66,19.22,13.55,36.55,15.18,105.77,110250.0
2021-09-22,17.72,40.57,87.11,15.72,19.38,14.25,36.61,14.59,107.99,112282.0
2021-09-23,17.88,41.17,78.91,15.88,19.51,13.91,37.2,14.89,109.6,114064.0
2021-09-24,17.7,41.34,77.69,15.84,19.96,13.88,36.98,14.74,109.03,113283.0
2021-09-27,17.74,40.86,78.8,15.83,20.25,13.68,35.85,14.47,108.89,113583.0
2021-09-28,17.16,40.67,74.85,15.44,20.22,12.94,34.24,13.63,105.83,110124.0
2021-09-29,16.98,39.87,75.8,15.49,20.33,12.75,34.48,13.6,106.83,111107.0
2021-09-30,16.79,39.63,76.24,15.3,19.95,12.74,34.42,13.59,106.49,110979.0
2021-10-01,17.31,40.17,76.2,15.27,20.39,13.23,36.22,13.44,108.49,112900.0
2021-10-04,17.0,38.78,75.49,15.04,19.84,12.4,34.32,12.82,106.18,110393.0
2021-10-05,17.0,37.53,74.95,15.18,19.98,12.15,34.23,12.83,106.12,110458.0
2021-10-06,18.23,37.51,77.06,15.1,19.76,12.22,33.8,12.59,106.37,110560.0
2021-10-07,17.64,37.56,79.36,15.08,19.74,12.26,33.77,12.5,106.42,110585.0
2021-10-08,18.24,38.65,79.85,15.36,20.06,12.49,34.7,12.87,108.39,112833.0
2021-10-11,18.17,38.62,81.62,15.24,20.42,12.13,33.9,12.89,107.75,112180.0
2021-10-13,18.44,40.58,79.2,15.51,20.96,12.85,34.78,12.91,109.24,113456.0
2021-10-14,18.64,40.6,79.2,15.49,21.31,12.73,34.6,12.73,108.97,113185.0
2021-10-15,18.35,40.12,80.68,15.53,21.68,13.15,35.75,13.01,110.22,114648.0
2021-10-18,18.21,40.36,79.92,15.62,21.68,12.92,35.99,12.6,109.95,114428.0
2021-10-19,17.58,39.35,79.0,15.14,21.26,12.52,34.43,12.08,106.8,110673.0
2021-10-20,17.09,40.11,76.41,15.35,21.33,13.11,34.94,11.71,106.4,110786.0
2021-10-21,16.39,39.35,75.16,15.14,21.5,13.01,33.39,11.61,103.65,107735.0
2021-10-22,16.58,38.89,76.08,15.0,21.67,12.62,32.05,11.61,102.33,106296.0
2021-10-25,16.74,39.55,77.0,15.27,22.44,12.89,32.85,11.85,104.55,108715.0
2021-10-26,16.29,39.66,76.18,15.16,22.17,12.15,31.49,11.53,102.25,106420.0
2021-10-27,16.2,39.2,74.45,15.22,22.5,12.12,32.37,11.87,102.4,106363.0
2021-10-28,16.1,37.83,73.7,16.7,22.17,12.04,32.35,11.73,100.61,105705.0
2021-10-29,15.99,37.0,71.61,16.99,22.09,11.91,32.23,11.54,99.68,103501.0
2021-11-01,16.56,36.96,72.32,17.36,22.05,11.98,33.2,11.77,101.52,105551.0
2021-11-03,17.32,37.68,66.83,17.83,22.61,12.0,34.86,12.38,102.0,105617.0
2021-11-04,17.23,37.72,66.07,17.88,22.64,11.94,34.1,12.26,99.65,103412.0
2021-11-05,16.99,37.68,64.11,17.9,22.84,12.37,31.6,12.75,100.81,104824.0
2021-11-08,16.76,37.1,67.6,17.74,22.82,12.24,31.0,12.76,100.83,104781.0
2021-11-09,16.93,36.79,65.94,17.89,23.44,12.64,32.32,13.28,101.39,105535.0
2021-11-10,16.84,36.28,65.69,17.75,23.12,12.67,32.76,13.3,102.02,105968.0
2021-11-11,17.18,36.5,68.01,17.61,23.29,13.15,33.93,13.74,103.55,107725.0
2021-11-12,16.77,35.65,68.3,17.51,23.08,13.05,32.23,13.2,102.13,106312.0
2021-11-16,16.68,35.38,66.33,17.51,23.16,12.75,31.21,12.86,100.36,104508.0
2021-11-17,16.78,35.77,65.0,17.54,22.67,12.66,30.98,12.59,99.25,102945.0
2021-11-18,16.75,35.92,62.33,17.6,22.73,12.47,31.85,13.06,98.65,102524.0
2021-11-19,17.02,35.79,64.03,17.39,22.23,12.47,32.32,13.19,99.27,103035.0
2021-11-22,16.86,34.67,67.59,17.32,21.82,12.1,31.18,12.77,98.24,102122.0
2021-11-23,17.56,34.16,69.37,17.2,21.52,11.98,31.15,12.84,100.0,103663.0
2021-11-24,17.55,33.53,70.98,17.1,21.63,12.19,30.61,12.53,100.66,104514.0
2021-11-25,17.91,33.8,70.5,17.23,22.13,12.37,30.77,12.27,101.99,105811.0
2021-11-26,17.62,32.69,68.64,16.69,21.53,11.78,29.36,11.66,98.39,102224.0
2021-11-29,17.62,32.41,69.5,16.34,21.4,11.5,28.94,11.41,99.01,102814.0
2021-11-30,17.57,32.23,69.95,16.06,20.88,11.11,28.45,10.91,98.35,101915.0
2021-12-01,17.51,32.49,70.23,15.86,20.43,11.01,28.29,10.33,97.09,100775.0
2021-12-02,17.61,32.72,73.49,16.01,21.05,11.46,28.61,11.02,100.43,104466.0
2021-12-03,18.1,32.78,71.87,16.0,21.18,11.63,29.25,11.43,101.32,105070.0
2021-12-06,17.6,33.01,75.77,16.08,21.29,11.78,29.79,11.23,103.0,106859.0
2021-12-07,17.29,34.56,76.33,16.1,21.22,12.05,29.46,11.18,103.63,107558.0
2021-12-08,17.7,36.04,75.76,16.08,21.66,12.12,29.6,11.32,104.2,108096.0
2021-12-09,17.45,36.5,75.18,15.81,21.11,11.71,28.25,11.21,102.14,106291.0
2021-12-10,18.02,35.8,75.65,15.95,21.15,12.38,28.4,11.2,103.73,107758.0
2021-12-13,18.12,35.6,77.86,16.01,20.89,12.15,27.81,11.55,103.5,107383.0
2021-12-14,18.54,35.29,77.85,16.17,20.77,12.1,26.45,11.31,102.7,106760.0
2021-12-15,18.77,35.61,77.41,16.08,21.03,12.06,26.99,11.36,103.2,107370.0
2021-12-16,18.45,35.6,80.44,16.1,20.93,12.07,26.2,11.54,104.41,108212.0
2021-12-17,18.24,34.85,79.17,16.07,20.54,12.31,26.24,11.37,103.1,107201.0
2021-12-20,18.18,34.01,78.28,15.42,20.38,11.88,25.26,11.25,101.0,105020.0
2021-12-21,18.06,33.92,80.34,15.4,20.52,11.37,24.69,11.42,101.42,105500.0
2021-12-22,18.0,33.67,79.92,15.39,20.51,11.5,24.6,11.05,101.43,105244.0
2021-12-23,17.67,33.47,79.15,15.55,20.62,11.38,24.17,10.59,100.85,104891.0
2021-12-27,17.8,33.17,78.95,15.53,20.75,11.31,24.37,10.59,101.6,105531.0
2021-12-28,17.53,33.29,76.8,15.52,20.79,11.16,24.46,10.31,101.06,104864.0
2021-12-29,17.5,32.74,77.25,15.45,20.67,11.08,23.9,10.09,100.25,104107.0
2021-12-30,17.76,32.98,77.96,15.42,20.75,11.14,24.44,10.38,100.8,104822.0
2022-01-03,17.39,32.02,78.0,15.33,20.6,10.72,23.08,10.05,99.93,103922.0
2022-01-04,17.37,31.86,77.08,15.31,20.55,10.95,22.8,9.91,99.57,103514.0
2022-01-05,16.61,30.18,77.81,15.01,20.3,10.72,21.69,9.36,97.1,101006.0
2022-01-06,16.1,30.17,79.38,14.77,20.44,10.98,22.8,9.71,97.85,101561.0
2022-01-07,15.86,29.41,84.0,14.53,19.8,11.24,22.99,9.92,98.7,102719.0
2022-01-10,15.65,28.56,83.0,14.65,19.31,11.18,22.74,9.4,98.43,101945.0
2022-01-11,16.0,29.04,84.58,14.68,19.33,11.21,23.26,9.96,100.1,103779.0
2022-01-12,16.33,30.22,85.5,14.88,19.15,11.61,24.65,10.4,101.91,105686.0
2022-01-13,16.26,28.95,84.2,14.99,19.18,11.59,24.76,10.17,101.55,105530.0
2022-01-14,16.31,30.7,84.69,15.1,19.45,12.22,23.97,10.31,103.07,106928.0
2022-01-17,16.35,30.35,84.25,14.8,19.67,12.36,23.49,10.5,102.58,106692.0
2022-01-18,16.4,30.54,86.31,14.58,20.31,12.31,23.5,10.52,102.85,106522.0
2022-01-19,16.73,30.5,88.21,14.54,20.68,12.26,24.85,10.92,104.05,108013.0
2022-01-20,17.48,30.74,86.71,14.49,20.55,13.25,26.14,11.2,104.9,109102.0
2022-01-21,16.98,30.61,84.91,14.69,20.62,13.64,26.44,11.62,104.7,108942.0
2022-01-24,16.63,29.9,83.87,14.7,20.93,13.06,25.88,11.34,104.08,107752.0
2022-01-25,16.82,30.2,84.06,15.07,21.13,13.32,27.01,12.02,106.33,109845.0
2022-01-26,16.87,30.74,84.3,15.0,21.14,13.78,27.75,12.55,107.39,111573.0
2022-01-27,16.66,32.4,84.49,15.4,22.39,14.46,27.93,12.12,108.2,112315.0
2022-01-28,15.76,31.62,83.66,14.93,22.68,14.74,28.15,12.4,107.58,111478.0
2022-01-31,15.62,32.16,80.87,14.97,23.14,14.62,28.12,12.66,107.98,112388.0
2022-02-01,15.51,32.06,85.31,14.85,23.09,14.26,26.98,12.48,109.15,113147.0
2022-02-02,15.45,31.77,85.79,14.52,22.8,14.13,26.59,12.49,107.69,112161.0
2022-02-03,15.22,30.95,85.75,14.46,22.93,14.14,26.67,12.61,107.77,111696.0
2022-02-04,15.26,30.85,87.98,14.41,22.83,14.13,26.2,12.43,108.02,112245.0
2022-02-07,14.87,31.0,90.13,14.29,24.14,13.7,25.69,11.85,107.72,111996.0
2022-02-08,15.57,30.22,91.39,14.16,24.1,13.55,25.58,11.38,108.23,112234.0
2022-02-09,16.06,30.29,91.41,14.54,24.27,14.16,25.91,11.56,108.23,112461.0
2022-02-10,15.97,29.74,93.87,14.75,24.36,14.1,25.58,11.72,109.1,113359.0
2022-02-11,16.06,29.53,91.97,14.86,22.76,13.92,25.35,11.9,109.31,113572.0
2022-02-14,16.19,30.44,91.57,15.06,23.37,14.12,25.91,12.19,109.52,113807.0
2022-02-15,16.64,32.88,88.85,15.38,23.14,14.6,27.11,12.77,110.6,114660.0
2022-02-16,16.71,31.3,89.5,15.08,23.08,14.59,27.51,12.72,110.77,115181.0
2022-02-17,16.68,30.65,85.65,14.85,23.17,14.2,27.23,12.63,109.1,113528.0
2022-02-18,15.21,29.81,85.83,14.77,23.18,14.27,27.6,12.2,108.51,112768.0
2022-02-21,15.27,29.52,85.9,14.45,23.12,14.07,26.37,12.0,107.45,111725.0
2022-02-22,15.88,29.53,87.39,14.71,23.16,14.39,25.93,12.41,109.0,112892.0
2022-02-23,15.75,28.6,86.47,14.81,23.01,14.59,25.7,12.1,107.58,112008.0
2022-02-24,16.11,29.32,87.54,14.84,22.9,14.7,25.51,12.05,107.48,111592.0
2022-02-25,15.5,29.4,92.28,15.2,23.04,14.58,25.32,12.13,108.9,113142.0
2022-03-02,15.64,30.25,99.65,14.52,23.09,14.32,25.24,12.65,111.1,115174.0
2022-03-03,15.57,31.25,99.7,14.18,23.07,14.77,24.76,12.29,111.02,115166.0
2022-03-04,15.25,31.51,101.97,13.93,22.54,14.44,24.13,11.98,110.4,114474.0
2022-03-07,15.55,31.08,105.07,13.43,22.1,13.9,21.98,11.81,107.11,111593.0
2022-03-08,16.15,31.57,100.46,13.44,21.88,13.62,23.38,11.74,107.29,111203.0
2022-03-09,16.47,32.67,94.19,13.93,22.39,13.8,24.46,12.23,109.78,113900.0
2022-03-10,16.26,31.72,97.3,13.38,22.57,13.31,23.74,11.96,109.4,113663.0
2022-03-11,15.56,31.39,96.79,13.18,22.5,13.26,22.85,11.48,107.7,111713.0
2022-03-14,15.38,31.02,91.6,13.32,22.47,13.26,22.3,11.32,106.04,109928.0
2022-03-15,15.25,30.2,88.97,13.47,22.46,13.3,22.38,11.27,104.9,108959.0
2022-03-16,15.71,31.98,91.13,13.78,22.8,13.6,22.8,12.02,107.14,111112.0
2022-03-17,16.58,33.1,94.3,13.93,23.3,13.9,22.9,11.87,108.83,113076.0
2022-03-18,17.67,33.29,96.09,14.25,23.34,14.11,24.15,11.9,110.73,115311.0
2022-03-21,17.2,32.55,98.81,14.18,23.64,13.88,24.04,11.71,111.94,116155.0
2022-03-22,17.56,33.0,96.6,14.38,24.08,14.63,24.9,11.9,113.1,117272.0
2022-03-23,17.62,32.75,96.39,14.19,24.05,14.76,26.15,11.98,112.9,117457.0
2022-03-24,18.18,33.13,96.91,14.2,24.4,14.89,27.65,11.37,114.74,119053.0
2022-03-25,18.41,32.88,95.23,14.32,24.45,15.14,27.58,11.86,114.75,119081.0
2022-03-28,18.72,33.6,95.34,14.74,24.59,15.09,26.92,11.69,114.51,118738.0
2022-03-29,18.48,33.95,94.52,15.25,24.8,15.54,27.49,12.2,115.75,120014.0
2022-03-30,18.42,34.15,95.87,15.17,24.9,15.67,27.34,12.02,115.9,120260.0
2022-03-31,18.55,34.87,95.6,15.4,25.56,15.71,27.5,11.84,115.6,119999.0
2022-04-01,19.0,35.38,96.96,15.39,25.91,16.04,29.06,12.35,117.2,121570.0
2022-04-04,18.88,35.02,97.94,15.19,25.8,16.14,29.39,12.33,116.8,121280.0
2022-04-05,18.52,34.63,95.11,15.07,25.52,15.83,27.96,12.05,114.51,118885.0
2022-04-06,18.1,34.33,96.55,14.95,25.76,15.87,27.05,11.46,113.87,118228.0
2022-04-07,18.06,34.12,97.13,15.06,26.0,15.85,26.82,11.09,114.65,118862.0
2022-04-08,18.27,34.14,95.15,14.93,26.2,15.6,26.73,11.01,113.98,118322.0
2022-04-11,18.25,32.55,94.0,15.2,25.93,14.88,26.75,10.71,112.57,116953.0
2022-04-12,18.46,32.37,93.37,15.05,25.71,14.35,26.2,10.64,111.77,116147.0
2022-04-13,18.54,32.56,93.4,14.83,25.94,14.41,26.67,10.42,112.52,116782.0
2022-04-14,18.4,32.29,92.09,14.7,26.16,14.49,26.74,10.4,111.65,116182.0
2022-04-18,18.05,31.91,90.57,14.71,26.78,14.52,26.43,10.38,111.46,115687.0
2022-04-19,18.0,31.37,87.68,14.65,26.02,14.54,26.25,10.6,110.92,115057.0
2022-04-20,18.83,31.42,85.4,14.73,26.76,14.69,25.98,10.5,110.05,114344.0
2022-04-22,18.29,31.31,80.45,14.75,26.39,14.36,25.02,10.13,106.75,111078.0
2022-04-25,18.13,31.21,79.08,15.12,26.37,14.12,25.0,10.16,106.76,110685.0
2022-04-26,17.8,29.98,78.0,14.75,26.07,13.61,24.46,9.93,104.28,108213.0
2022-04-27,17.67,31.63,82.17,14.68,26.08,13.51,24.53,9.35,105.52,109349.0
2022-04-28,17.38,31.13,84.2,14.71,25.89,13.58,24.39,9.18,105.86,109919.0
2022-04-29,16.37,30.1,83.29,14.52,25.43,13.3,23.75,8.77,103.4,107876.0
2022-05-02,15.82,28.94,82.92,14.47,24.95,12.8,23.9,8.81,102.72,106639.0
2022-05-03,15.96,28.41,82.5,14.24,25.12,12.55,23.52,8.84,102.72,106528.0
2022-05-04,16.2,28.94,81.81,14.34,25.62,12.65,24.26,8.83,104.38,108344.0
2022-05-05,15.69,28.16,80.33,13.73,25.03,12.12,22.87,8.15,101.5,105304.0
2022-05-06,15.35,27.15,79.76,13.53,25.03,11.77,24.24,8.29,101.23,105135.0
2022-05-09,15.45,26.66,76.49,13.69,25.38,11.74,23.89,8.12,99.68,103250.0
2022-05-10,15.31,26.12,75.54,13.73,24.98,11.57,24.74,8.04,99.24,103110.0
2022-05-11,15.36,26.1,78.69,13.95,24.79,11.29,24.53,7.56,100.64,104397.0
2022-05-12,15.27,26.41,77.9,14.48,25.39,11.9,25.28,7.72,102.04,105688.0
2022-05-13,15.54,26.5,77.81,14.54,25.78,11.47,25.47,8.02,103.29,106924.0
2022-05-16,15.96,26.2,80.14,14.69,25.52,11.65,25.9,7.84,104.4,108233.0
2022-05-17,16.03,26.91,79.8,14.73,25.81,11.9,26.03,6.52,104.9,108789.0
2022-05-18,15.61,26.43,77.78,14.22,25.41,11.55,25.5,6.81,102.21,106247.0
2022-05-19,15.61,25.53,79.85,14.14,25.4,11.81,25.67,6.53,103.08,107005.0
2022-05-20,15.87,25.99,81.26,14.02,25.47,12.04,25.65,6.63,104.66,108488.0
2022-05-23,16.08,26.57,82.92,14.08,25.58,12.1,25.39,6.69,106.76,110346.0
2022-05-24,16.17,26.08,84.04,14.13,25.84,12.02,25.17,6.72,106.64,110581.0
2022-05-25,16.04,25.31,84.3,14.04,25.65,11.91,25.56,6.71,106.66,110580.0
2022-05-26,17.15,25.71,84.25,14.21,25.57,12.41,26.24,7.06,108.02,111890.0
2022-05-27,17.08,26.22,85.72,14.21,25.93,12.7,26.09,7.15,107.9,111942.0
2022-05-30,17.16,25.54,86.65,14.09,26.61,12.8,25.87,6.97,106.92,111032.0
2022-05-31,17.68,25.37,86.21,14.19,26.88,12.77,26.6,6.72,107.18,111351.0
2022-06-01,17.79,26.21,88.24,14.12,26.72,12.5,26.94,6.64,107.47,111360.0
2022-06-02,18.35,26.33,89.9,14.12,26.72,12.89,28.03,6.61,108.43,112393.0
2022-06-03,18.39,25.92,88.46,14.08,25.88,12.67,28.19,6.34,107.48,111102.0
2022-06-06,18.24,25.98,88.55,14.05,25.67,12.28,26.98,5.95,106.42,110186.0
2022-06-07,17.87,25.95,90.62,13.73,25.42,11.89,26.68,5.87,106.15,110070.0
2022-06-08,17.65,24.41,87.5,13.76,25.32,11.79,26.35,6.05,104.6,108368.0
2022-06-09,17.93,24.52,84.54,13.61,25.16,11.95,25.22,6.23,103.68,107094.0
2022-06-10,17.46,24.0,84.56,13.59,24.6,11.66,24.08,6.01,101.82,105481.0
2022-06-13,17.01,23.82,81.88,13.33,24.54,11.54,23.15,5.63,99.12,102598.0
2022-06-14,17.06,24.25,81.72,13.15,24.52,11.49,22.93,5.7,98.36,102063.0
2022-06-15,17.08,24.0,81.67,13.06,24.91,11.61,23.9,5.96,99.38,102807.0
2022-06-17,16.89,22.83,77.41,13.03,24.87,11.45,23.74,6.15,96.21,99825.0
2022-06-20,16.75,24.1,75.5,13.05,25.22,11.55,23.87,5.85,96.29,99853.0
2022-06-21,16.75,25.3,76.0,13.17,25.31,11.49,23.11,5.72,96.4,99685.0
2022-06-22,16.79,25.79,75.35,13.3,25.03,11.65,23.47,5.54,96.03,99522.0
2022-06-23,16.72,25.91,72.6,13.33,25.12,11.58,23.85,5.49,94.66,98080.0
2022-06-24,16.63,26.46,74.62,13.67,24.75,11.6,23.15,5.56,95.47,98672.0
2022-06-27,16.69,25.93,78.05,13.72,24.92,11.6,23.19,5.54,97.35,100764.0
2022-06-28,16.36,26.15,79.45,13.52,25.45,11.27,22.72,5.22,97.05,100591.0
2022-06-29,16.34,26.03,78.79,13.61,25.48,10.95,22.3,5.27,96.0,99622.0
2022-06-30,15.97,26.45,76.56,13.4,25.96,10.96,22.62,5.47,95.0,98542.0
2022-07-01,15.99,26.5,75.1,13.76,26.05,11.19,23.1,5.62,95.63,98954.0
2022-07-04,15.95,26.49,74.67,13.68,25.4,11.08,23.03,6.04,95.2,98609.0
2022-07-05,16.13,27.02,74.3,14.09,25.2,11.27,23.09,6.21,94.8,98295.0
2022-07-06,16.11,27.1,75.0,14.23,25.2,11.11,23.86,6.31,95.42,98719.0
2022-07-07,16.12,27.61,77.18,14.23,25.46,11.36,24.75,6.63,97.38,100730.0
2022-07-08,16.08,27.27,75.4,14.31,25.34,11.44,24.78,6.34,96.88,100289.0
2022-07-11,15.76,26.58,72.83,14.1,25.14,10.77,24.07,6.31,94.8,98212.0
2022-07-12,15.68,26.59,73.05,13.79,25.21,10.54,24.18,6.49,94.9,98271.0
2022-07-13,15.43,26.73,72.8,14.57,25.3,10.28,24.6,6.37,94.51,97881.0
2022-07-14,15.4,26.4,67.95,14.84,26.39,10.28,24.74,6.13,92.55,96121.0
2022-07-15,15.34,26.55,68.37,14.59,27.5,10.03,25.07,5.81,93.27,96551.0
2022-07-18,15.79,26.12,68.73,14.49,26.87,10.27,25.04,5.69,93.37,96916.0
2022-07-19,15.9,26.96,68.88,14.48,27.01,10.21,24.74,5.75,94.7,98245.0
2022-07-20,16.01,25.99,67.39,14.3,27.34,10.54,25.12,6.06,94.95,98287.0
2022-07-21,16.01,25.33,68.57,14.56,27.62,11.01,24.82,6.09,95.35,99033.0
2022-07-22,16.09,25.84,69.21,14.51,27.88,10.72,24.42,5.95,95.42,98925.0
2022-07-25,16.41,26.48,70.49,14.68,28.23,10.73,24.7,5.8,96.75,100270.0
2022-07-26,16.49,26.2,70.36,14.82,28.41,10.73,24.04,5.5,96.15,99772.0
2022-07-27,17.39,26.87,70.52,14.98,28.8,10.88,25.22,5.86,97.83,101438.0
2022-07-28,17.55,27.93,70.69,15.1,28.87,11.26,25.97,6.13,99.1,102597.0
2022-07-29,17.54,28.04,69.75,14.93,28.99,11.09,25.29,6.16,99.3,103165.0
2022-08-01,17.54,27.88,68.08,14.63,28.94,10.87,25.34,6.12,98.56,102225.0
2022-08-02,17.72,28.38,70.25,14.71,29.25,10.8,25.57,6.44,99.53,103362.0
2022-08-03,17.96,28.12,67.52,14.63,28.56,11.16,27.26,6.54,100.2,103775.0
2022-08-04,18.48,28.81,67.13,14.68,28.21,11.9,28.25,6.6,102.48,105892.0
2022-08-05,18.31,28.83,68.0,14.6,28.48,12.07,27.47,6.45,102.74,106472.0
2022-08-08,18.4,29.73,68.58,14.8,29.49,12.45,27.5,6.83,104.8,108402.0
2022-08-09,18.0,29.58,70.0,14.74,29.79,12.25,26.86,6.48,105.05,108651.0
2022-08-10,18.4,30.68,70.05,15.16,29.45,12.37,27.97,6.85,106.56,110236.0
2022-08-11,18.42,30.13,72.49,15.13,30.29,12.15,27.24,6.6,105.88,109718.0
2022-08-12,19.38,30.9,69.8,15.21,30.58,13.1,27.69,7.72,108.64,112764.0
2022-08-15,19.66,30.34,68.3,15.42,30.75,13.2,28.63,7.98,108.97,113032.0
2022-08-16,19.71,30.59,69.95,15.5,30.49,13.12,28.06,7.84,109.76,113512.0
2022-08-17,19.88,30.43,68.23,15.55,30.22,12.87,27.65,7.61,109.99,113708.0
2022-08-18,19.96,30.84,67.72,16.0,28.67,12.85,27.65,7.94,109.94,113813.0
2022-08-19,19.33,29.85,66.96,15.66,28.5,12.51,27.13,7.66,107.53,111496.0
2022-08-22,19.24,28.95,65.98,15.42,28.56,12.3,26.57,7.31,106.73,110501.0
2022-08-23,19.56,28.8,70.21,15.44,28.5,12.43,27.0,7.4,109.1,112857.0
2022-08-24,20.0,28.79,67.95,15.8,28.5,12.46,27.23,7.79,109.18,112898.0
2022-08-25,20.29,28.95,69.27,15.82,28.15,12.77,27.6,8.07,109.6,113532.0
2022-08-26,20.03,28.81,68.23,15.67,28.4,12.43,27.8,8.06,108.36,112299.0
2022-08-29,20.09,28.37,66.91,15.61,28.22,12.34,27.53,7.67,108.4,112323.0
2022-08-30,20.13,28.39,64.97,15.39,28.23,12.19,27.39,7.55,106.4,110431.0
2022-08-31,20.21,28.29,64.5,15.27,28.28,11.85,26.47,7.28,105.83,109523.0
2022-09-01,20.37,28.38,63.89,15.43,28.79,12.1,26.57,7.51,106.59,110405.0
2022-09-02,20.26,30.21,62.92,15.48,28.46,12.64,26.7,7.86,107.09,110864.0
2022-09-05,20.57,30.9,65.22,15.55,28.68,12.85,26.97,7.84,108.45,112203.0
2022-09-06,20.21,30.29,63.67,15.56,28.8,12.39,26.03,7.81,105.95,109764.0
2022-09-08,20.36,30.21,64.51,15.5,28.58,13.0,26.02,7.95,106.18,109916.0
2022-09-09,20.73,30.45,69.55,15.72,28.56,12.95,26.85,8.13,108.4,112300.0
2022-09-12,20.69,31.72,70.15,15.71,28.18,13.24,27.52,8.35,109.55,113407.0
2022-09-13,19.79,30.61,68.25,15.59,28.37,12.88,27.22,7.79,106.98,110794.0
2022-09-14,20.13,30.62,67.0,15.38,28.12,12.78,27.38,7.83,106.75,110547.0
2022-09-15,19.88,30.01,68.35,15.3,28.33,12.56,26.8,7.68,106.11,109954.0
2022-09-16,19.66,30.48,68.25,15.27,29.47,12.38,26.38,7.45,105.6,109280.0
2022-09-19,19.79,30.6,70.46,15.47,29.81,13.22,26.72,7.78,108.22,111824.0
2022-09-20,19.64,31.13,69.45,15.76,30.22,13.64,26.82,7.89,108.85,112517.0
2022-09-21,19.85,31.18,68.45,15.55,30.08,13.32,27.62,8.11,108.16,111936.0
2022-09-22,20.0,31.01,70.02,15.67,29.64,13.44,28.45,8.32,110.13,114070.0
2022-09-23,19.35,30.57,68.57,15.37,29.61,13.39,28.57,8.2,107.84,111716.0
2022-09-26,18.85,30.52,68.0,15.27,28.97,12.74,27.86,7.9,105.13,109114.0
2022-09-27,18.58,30.05,67.7,15.44,28.62,12.75,27.96,7.94,104.68,108376.0
2022-09-28,18.46,30.32,68.34,15.72,27.39,12.85,27.63,7.75,104.82,108451.0
2022-09-29,18.19,30.14,68.43,15.61,26.56,12.6,26.94,7.48,103.8,107664.0
2022-09-30,18.48,32.14,72.04,15.54,26.57,13.05,27.85,7.57,106.46,110037.0
2022-10-03,19.24,33.58,74.0,16.3,27.36,13.88,30.12,8.04,112.4,116134.0
2022-10-04,19.4,33.24,75.79,16.24,26.86,14.48,29.98,8.27,112.35,116230.0
2022-10-05,19.56,33.67,76.96,16.12,27.57,14.73,30.58,8.14,113.32,117198.0
2022-10-06,19.81,33.73,75.55,16.03,27.78,14.83,31.27,8.1,113.47,117561.0
2022-10-07,19.11,33.35,75.51,15.42,28.16,14.8,30.88,7.72,112.78,116375.0
2022-10-10,18.23,34.27,73.99,15.2,28.23,14.84,30.73,7.79,112.08,115941.0
2022-10-11,19.0,33.9,73.49,14.99,27.44,14.35,29.95,7.47,110.89,114827.0
2022-10-13,19.77,33.47,72.18,15.01,28.17,13.9,29.18,7.46,110.26,114300.0
2022-10-14,19.3,32.86,69.83,14.83,27.5,13.89,28.54,7.06,108.22,112072.0
2022-10-17,20.04,33.61,70.67,14.92,28.04,14.15,29.09,7.21,109.9,113624.0
2022-10-18,20.44,34.56,71.96,14.9,28.81,14.0,29.47,7.59,111.94,115743.0
2022-10-19,20.7,34.65,71.11,14.89,28.99,14.25,29.35,7.36,112.35,116274.0
2022-10-20,20.7,34.66,72.02,15.04,29.42,14.0,28.69,7.41,112.9,117171.0
2022-10-21,21.26,35.2,74.13,15.31,29.16,14.61,29.06,7.45,116.43,119929.0
2022-10-24,21.05,34.92,71.93,15.18,28.69,14.04,28.59,7.21,112.14,116013.0
2022-10-25,20.58,35.05,71.93,14.91,28.24,13.85,28.04,7.0,110.48,114626.0
2022-10-26,20.17,37.98,73.53,15.1,28.04,13.18,27.31,6.75,108.78,112764.0
2022-10-27,20.96,38.83,70.91,15.56,29.18,13.88,28.3,7.03,110.0,114641.0
2022-10-28,21.24,38.47,67.45,15.77,29.32,14.18,28.88,7.19,113.0,114539.0
2022-10-31,22.14,40.28,67.13,16.0,29.69,15.04,30.9,7.8,112.15,116037.0
2022-11-01,21.85,39.41,69.17,15.79,29.7,15.12,30.47,7.83,112.81,116929.0
2022-11-03,21.82,40.2,67.15,16.02,29.59,15.38,30.47,7.85,113.1,116896.0
2022-11-04,20.46,40.8,72.25,16.45,29.78,15.6,29.18,7.91,114.0,118155.0
2022-11-07,20.22,40.9,71.87,16.36,30.09,15.3,28.27,7.59,111.22,115342.0
2022-11-08,20.78,40.8,74.05,16.74,30.36,15.33,27.82,7.58,112.3,116160.0
2022-11-09,20.49,40.6,73.15,16.48,31.25,15.24,27.43,7.39,109.75,113580.0
2022-11-10,19.6,39.23,74.55,15.99,29.95,13.31,25.13,6.38,106.1,109775.0
2022-11-11,19.96,39.99,82.3,16.09,30.38,12.58,24.52,6.29,108.55,112253.0
2022-11-14,19.98,40.66,83.31,15.95,30.99,12.47,25.19,6.4,109.24,113161.0
2022-11-16,19.2,38.71,82.44,15.44,30.04,12.4,24.1,5.7,106.04,110243.0
2022-11-17,18.88,39.55,83.1,15.4,29.94,11.65,24.25,5.5,105.69,109703.0
2022-11-18,19.26,39.28,80.83,15.62,30.16,11.87,24.24,5.68,104.85,108880.0
2022-11-21,19.83,39.49,79.92,15.67,30.46,12.03,25.11,5.6,106.08,109748.0
2022-11-22,19.51,38.9,80.14,15.66,30.27,11.99,24.7,5.4,105.07,109037.0
2022-11-23,19.38,38.94,80.93,15.72,31.0,11.99,24.22,5.33,105.24,108683.0
2022-11-24,19.96,39.76,81.45,16.04,31.71,12.66,25.57,5.59,108.2,111831.0
2022-11-25,18.91,39.1,80.9,15.77,30.7,12.05,23.97,5.3,105.07,108977.0
2022-11-28,19.6,37.5,81.3,15.91,30.55,12.08,22.91,5.14,105.15,108782.0
2022-11-29,19.46,37.71,84.44,15.76,30.89,12.55,22.96,5.19,107.29,110910.0
2022-11-30,19.46,39.0,85.71,15.92,31.32,12.73,23.15,5.2,108.58,112486.0
2022-12-01,19.11,38.31,86.18,16.08,32.05,12.41,22.42,4.91,107.06,110926.0
2022-12-02,19.24,38.66,86.8,16.33,32.56,12.7,22.31,5.23,107.95,111924.0
2022-12-05,18.8,37.6,86.71,16.02,31.83,12.15,20.57,4.99,105.63,109401.0
2022-12-06,18.78,37.71,87.97,16.05,32.02,12.18,21.61,5.03,106.74,109533.0
2022-12-07,18.7,37.26,84.84,16.0,31.66,12.25,22.04,5.12,105.59,109361.0
2022-12-08,17.55,37.2,85.88,15.7,31.47,11.74,21.13,4.98,103.57,107245.0
2022-12-09,17.64,37.1,88.74,15.51,31.72,11.74,20.74,4.73,103.9,107689.0
2022-12-12,17.43,36.07,86.09,15.24,31.25,11.45,20.47,4.52,101.8,105264.0
2022-12-13,16.52,35.79,86.16,15.28,31.01,11.39,19.92,4.39,100.3,103892.0
2022-12-14,16.91,37.06,86.89,15.13,31.51,11.78,20.45,4.54,100.7,103803.0
2022-12-15,17.14,37.08,87.17,15.0,32.21,11.53,19.94,4.63,100.5,103738.0
2022-12-16,17.15,37.45,85.68,14.85,32.33,11.36,19.44,4.59,99.4,102825.0
2022-12-19,17.62,38.12,85.37,15.23,32.35,12.09,20.38,4.59,101.37,104530.0
2022-12-20,18.33,38.43,85.75,14.52,32.66,12.62,21.24,4.9,103.55,106979.0
2022-12-21,18.53,38.4,86.24,14.35,33.46,12.56,20.87,5.12,103.87,107313.0
2022-12-22,18.56,38.94,85.75,14.42,33.99,12.32,20.65,5.09,103.93,107317.0
2022-12-23,19.15,38.5,86.32,14.62,33.59,13.35,21.88,5.28,106.0,109698.0
2022-12-26,18.5,38.19,87.11,14.52,33.25,13.42,20.71,5.18,105.15,108738.0
2022-12-27,18.05,38.01,89.19,14.52,33.2,12.95,20.38,5.01,104.9,108347.0
2022-12-28,18.47,38.7,88.99,14.55,33.63,13.4,20.84,5.22,106.8,110237.0
2022-12-29,18.61,38.51,88.88,14.52,33.71,13.21,20.48,5.08,105.95,110031.0
2023-01-02,17.66,38.1,89.4,14.19,33.39,12.25,19.33,4.64,102.63,106376.0
2023-01-03,17.26,37.15,89.24,14.17,32.35,11.84,18.87,4.51,100.48,104166.0
2023-01-04,17.52,37.4,89.4,14.25,32.51,11.93,18.99,4.58,101.92,105334.0
2023-01-05,17.64,37.48,90.9,14.29,32.58,12.3,18.7,4.77,104.27,107518.0
2023-01-06,17.8,38.03,92.34,14.32,33.53,12.59,19.39,4.72,105.5,108836.0
2023-01-09,17.72,37.92,92.44,14.4,33.69,12.42,19.44,4.2,105.35,109227.0
2023-01-10,18.13,37.55,93.58,14.54,34.2,12.86,20.02,4.31,107.18,110912.0
2023-01-11,18.53,38.6,93.25,14.29,34.4,13.45,20.82,4.6,109.1,111763.0
2023-01-12,18.67,38.51,93.74,14.1,34.29,13.37,21.24,4.35,108.26,111877.0
2023-01-13,18.37,38.97,93.82,13.88,34.2,13.16,20.14,4.25,107.35,110916.0
2023-01-16,18.3,37.69,92.25,13.2,33.88,12.95,19.73,4.12,105.47,109213.0
2023-01-17,18.57,38.31,92.13,13.86,34.38,13.01,19.94,4.15,107.8,111439.0
2023-01-18,18.87,37.99,93.34,13.78,34.66,13.08,20.65,4.21,108.33,112452.0
2023-01-19,19.07,37.91,93.74,13.64,35.04,12.97,20.8,4.37,109.11,113006.0
2023-01-20,18.36,37.33,93.99,13.53,35.04,12.77,20.55,4.38,108.45,112301.0
2023-01-23,18.49,37.37,94.3,13.42,35.32,12.65,20.39,4.23,107.9,111709.0
2023-01-24,18.82,37.21,95.3,13.61,35.7,12.84,21.29,4.48,109.43,113028.0
2023-01-25,18.78,38.72,96.2,13.71,37.18,13.11,21.73,4.58,110.65,114195.0
2023-01-26,18.79,38.21,98.0,13.74,37.06,13.12,21.83,4.44,110.42,114109.0
2023-01-27,18.53,37.91,95.32,13.65,37.27,12.71,21.26,4.6,108.4,112502.0
2023-01-30,18.19,37.35,94.98,13.53,37.9,12.87,21.19,4.7,108.7,111888.0
2023-01-31,18.38,38.24,94.51,13.66,37.78,12.96,21.63,5.15,109.84,113532.0
2023-02-01,18.14,38.39,93.46,13.18,36.63,12.91,21.66,5.05,108.4,112303.0
2023-02-02,18.4,38.04,89.14,13.11,36.5,13.0,21.78,5.11,106.3,109935.0
2023-02-03,18.04,37.91,88.95,12.98,36.4,12.11,20.26,4.63,104.87,108490.0
2023-02-06,17.54,37.57,87.84,13.02,36.58,12.11,20.2,4.6,105.25,108456.0
2023-02-07,17.71,37.67,88.42,12.96,36.82,11.89,19.77,4.65,104.1,107920.0
2023-02-08,17.8,37.66,88.72,13.19,37.05,12.12,20.1,4.48,106.34,109882.0
2023-02-09,16.99,37.98,88.39,13.02,35.11,11.65,19.25,4.49,104.44,107783.0
2023-02-10,17.54,38.6,86.8,12.86,35.95,11.8,19.28,4.54,104.75,108150.0
2023-02-13,17.51,38.58,86.71,13.13,36.35,11.92,19.34,4.58,105.47,108846.0
2023-02-14,17.36,38.36,87.1,13.0,36.57,11.44,18.72,4.58,104.43,107659.0
2023-02-15,17.43,38.88,89.0,13.23,34.94,11.59,19.23,4.93,106.05,109442.0
2023-02-16,17.95,38.78,89.19,13.08,35.37,11.37,19.38,5.13,106.5,109905.0
2023-02-17,18.26,39.62,88.03,13.2,35.53,11.03,19.62,5.09,105.56,109303.0
2023-02-22,18.0,38.4,87.36,13.21,35.36,10.85,18.69,4.94,103.6,107152.0
2023-02-23,17.91,39.24,86.95,13.25,35.16,10.78,19.18,4.83,104.15,107720.0
2023-02-24,18.01,38.86,85.04,13.32,34.1,10.39,19.01,4.75,102.38,105873.0
2023-02-27,18.08,38.8,85.04,13.4,34.29,10.56,19.2,4.55,102.29,105711.0
2023-02-28,17.96,39.16,85.32,13.39,34.21,10.55,18.65,4.49,101.15,104932.0
2023-03-01,17.43,39.38,89.2,13.47,34.01,10.5,17.9,3.02,101.2,104385.0
2023-03-02,17.77,39.16,89.0,13.13,34.57,10.59,18.1,2.92,99.94,103326.0
2023-03-03,17.69,38.84,89.3,13.11,34.07,10.52,17.75,2.68,100.42,103866.0
2023-03-06,18.06,39.43,86.15,13.5,34.88,10.96,18.14,2.72,101.47,104700.0
2023-03-07,18.37,39.59,85.33,13.43,34.87,11.05,18.24,2.68,100.9,104228.0
2023-03-08,19.0,40.16,86.11,13.62,34.86,11.65,19.6,2.92,103.22,106540.0
2023-03-09,19.08,39.86,84.98,13.6,34.58,11.58,19.33,1.94,101.56,105071.0
2023-03-10,19.02,39.54,84.7,13.51,34.01,11.26,18.93,2.47,100.21,103618.0
2023-03-13,18.96,39.79,85.05,13.61,33.24,11.35,19.22,2.5,99.78,103121.0
2023-03-14,18.57,40.26,83.98,13.95,33.25,11.44,18.47,2.48,99.58,102932.0
2023-03-15,18.49,40.07,81.45,14.02,32.85,11.54,18.54,2.52,99.39,102675.0
2023-03-16,18.65,40.3,81.75,14.26,33.0,11.86,18.7,2.64,100.0,103435.0
2023-03-17,18.78,39.87,82.73,14.22,32.42,11.3,18.07,2.37,98.85,101982.0
2023-03-20,18.51,39.7,83.41,14.12,32.25,11.18,17.46,2.18,97.7,100923.0
2023-03-21,18.57,39.96,82.71,13.95,32.31,11.17,17.6,2.22,97.93,100998.0
2023-03-22,18.42,39.52,81.68,13.95,32.4,11.04,17.27,2.21,97.03,100221.0
2023-03-23,17.83,39.89,79.58,13.78,32.65,10.42,16.82,2.07,94.58,97926.0
2023-03-24,18.15,40.51,78.67,13.89,33.07,10.56,16.99,2.25,95.86,98829.0
2023-03-27,18.33,41.19,78.54,13.93,32.79,10.59,17.28,2.22,96.54,99670.0
2023-03-28,18.53,41.37,79.37,14.59,33.36,10.68,17.87,2.63,98.03,101185.0
2023-03-29,18.7,41.73,80.51,14.81,32.82,10.53,17.0,2.76,98.55,101793.0
2023-03-30,19.05,41.86,81.82,14.82,32.57,10.8,17.64,2.8,100.47,103713.0
2023-03-31,18.85,40.55,80.29,14.33,32.51,10.35,16.57,2.62,98.49,101882.0
2023-04-03,18.97,39.59,80.31,14.33,32.21,10.58,15.41,2.45,98.3,101506.0
2023-04-04,19.21,39.63,78.04,14.43,33.14,10.83,15.39,2.48,98.51,101869.0
2023-04-05,18.65,38.75,76.89,14.4,32.65,10.79,14.97,2.36,97.63,100978.0
2023-04-06,18.66,38.61,76.75,14.43,34.05,10.7,15.71,2.37,97.59,100822.0
2023-04-10,18.59,38.39,78.23,14.46,34.61,10.91,15.46,2.35,98.66,101847.0
2023-04-11,19.04,39.09,82.36,14.78,34.97,11.63,16.9,2.65,102.91,106214.0
2023-04-12,19.32,39.74,80.6,14.76,35.37,11.86,17.19,2.68,103.35,106890.0
2023-04-13,19.24,39.37,79.51,14.59,34.93,11.74,16.85,2.64,102.93,106458.0
2023-04-14,19.29,38.76,78.81,14.65,34.9,11.97,16.3,2.6,103.04,106279.0
2023-04-17,19.7,39.48,77.87,14.75,34.6,12.02,16.74,2.54,102.71,106016.0
2023-04-18,19.62,39.27,78.54,14.63,34.61,11.89,16.05,2.4,102.7,106163.0
2023-04-19,19.31,39.11,76.25,14.58,34.58,11.59,15.17,2.36,100.48,103913.0
2023-04-20,19.64,40.25,74.66,14.6,34.76,11.66,15.18,2.59,101.0,104367.0
2023-04-24,19.75,40.35,71.96,14.34,34.55,11.76,15.1,2.61,100.62,103947.0
2023-04-25,19.7,40.54,70.0,14.29,34.75,11.8,14.77,2.56,99.92,103220.0
2023-04-26,19.5,40.11,70.27,14.21,34.77,11.25,14.98,2.49,99.01,102312.0
2023-04-27,19.47,40.35,71.76,14.16,34.36,11.48,15.01,2.56,99.53,102923.0
2023-04-28,19.7,41.12,72.4,14.16,34.31,11.68,15.84,2.76,100.9,104432.0
2023-05-02,19.68,40.82,69.54,14.26,34.22,11.33,14.92,2.79,98.49,101927.0
2023-05-03,19.94,39.9,69.0,14.58,33.52,11.51,14.57,2.77,98.6,101797.0
2023-05-04,19.9,39.3,66.86,14.63,33.12,11.83,15.46,2.84,98.95,102174.0
2023-05-05,20.95,39.22,69.04,14.49,33.48,12.49,16.9,2.93,101.91,105148.0
2023-05-08,20.56,39.2,69.97,14.51,33.43,12.44,16.8,2.92,102.49,106042.0
2023-05-09,20.49,39.86,70.69,14.5,33.71,12.56,17.5,2.88,103.8,107114.0
2023-05-10,20.49,39.35,69.36,14.4,33.8,12.55,17.5,3.02,103.97,107448.0
2023-05-11,20.84,39.32,68.01,14.5,33.97,12.78,16.92,3.07,104.82,108256.0
2023-05-12,20.85,38.91,68.08,14.45,34.16,12.83,16.82,3.12,105.05,108464.0
2023-05-15,20.99,39.64,69.06,14.62,32.14,13.0,17.34,3.15,105.47,109029.0
2023-05-16,20.72,39.7,67.64,14.6,32.15,12.81,16.98,3.41,104.63,108194.0
2023-05-17,20.82,39.46,69.88,14.56,31.97,13.32,18.62,3.48,106.01,109460.0
2023-05-18,21.07,39.3,69.98,14.55,31.32,13.49,18.85,3.67,106.75,110108.0
2023-05-19,21.18,40.13,69.21,14.58,30.9,13.56,19.41,3.61,107.16,110745.0
2023-05-22,21.13,40.36,68.1,14.62,30.93,13.39,18.93,3.7,106.55,110213.0
2023-05-23,21.01,40.22,66.56,14.59,30.77,13.21,18.62,3.65,106.44,109929.0
2023-05-24,20.75,39.82,65.05,14.66,31.37,12.86,18.39,3.55,105.27,108800.0
2023-05-25,20.99,39.04,64.85,14.74,31.81,13.18,19.5,3.94,106.55,110054.0
2023-05-26,21.0,39.51,66.33,14.76,31.9,13.66,20.04,3.9,107.51,110906.0
2023-05-29,20.75,38.88,65.83,14.76,32.09,13.53,19.69,3.9,106.77,110333.0
2023-05-30,20.81,38.34,64.28,14.48,31.69,13.35,19.32,4.06,105.38,108967.0
2023-05-31,20.82,37.61,63.81,14.41,30.93,13.32,19.45,3.99,104.84,108335.0
2023-06-01,21.97,37.19,65.16,14.24,30.52,14.3,20.56,4.1,107.2,110565.0
2023-06-02,22.63,37.67,67.94,14.46,30.99,14.42,20.47,4.12,109.02,112558.0
2023-06-05,22.57,37.63,67.38,14.41,31.04,14.46,20.52,4.16,109.14,112696.0
2023-06-06,22.93,38.2,67.6,14.82,30.99,14.41,21.12,4.35,111.07,114610.0
2023-06-07,22.57,38.15,68.67,14.85,30.99,14.74,21.65,4.24,111.78,115488.0
2023-06-09,22.4,37.8,68.36,15.14,31.07,14.7,21.83,4.24,113.21,117019.0
2023-06-12,22.5,37.75,67.12,15.16,30.83,14.9,22.82,4.12,113.64,117336.0
2023-06-13,22.58,37.35,67.83,15.27,30.61,14.61,21.5,3.97,112.94,116743.0
2023-06-14,22.95,37.87,69.02,15.33,30.53,15.22,21.49,4.3,115.11,119069.0
2023-06-15,22.96,37.84,69.56,15.19,30.58,14.71,21.07,4.46,115.4,119221.0
2023-06-16,21.87,37.85,69.67,15.07,30.45,14.62,20.33,4.35,114.9,118758.0
2023-06-19,22.13,37.67,69.4,15.11,30.25,14.8,20.78,4.28,116.13,119858.0
2023-06-20,22.42,36.95,67.61,15.14,30.23,14.73,21.58,4.2,115.82,119622.0
2023-06-21,22.27,36.45,66.93,15.28,30.34,14.64,21.76,4.19,116.27,120420.0
2023-06-22,22.16,36.4,66.57,15.55,30.39,14.2,21.4,4.23,115.26,118934.0
2023-06-23,21.82,36.6,65.9,15.49,30.59,14.43,22.31,4.33,115.31,118977.0
2023-06-26,21.68,36.4,66.04,15.34,29.7,14.05,21.64,4.11,114.42,118243.0
2023-06-27,21.64,36.5,66.83,15.38,30.11,14.06,21.09,4.08,113.77,117523.0
2023-06-28,21.56,36.58,64.72,15.22,30.54,13.95,20.93,4.14,113.03,116681.0
2023-06-29,21.87,36.84,65.51,15.22,30.78,14.64,21.39,4.2,114.91,118383.0
2023-06-30,22.2,37.75,64.22,15.41,30.77,14.61,20.0,4.38,114.17,118087.0
2023-07-03,22.64,37.69,66.23,15.41,31.51,14.93,20.29,4.42,115.94,119673.0
2023-07-04,22.75,37.19,65.9,15.14,31.63,14.74,20.28,4.32,115.24,119076.0
2023-07-05,22.88,37.5,65.32,15.21,31.51,14.73,20.45,4.38,115.84,119549.0
2023-07-06,22.42,36.89,64.85,14.83,31.26,14.18,19.8,4.31,113.64,117426.0
2023-07-07,22.72,37.0,65.46,14.85,31.32,14.36,20.42,4.37,115.19,118898.0
2023-07-10,22.2,36.29,64.46,15.01,31.18,14.08,19.1,4.32,114.1,117942.0
2023-07-11,22.22,35.95,66.58,14.63,31.1,13.93,18.86,4.45,113.8,117220.0
2023-07-12,22.64,36.06,67.05,14.69,30.74,14.25,18.57,4.34,113.83,117666.0
2023-07-13,22.79,36.06,68.61,14.76,30.66,14.56,18.45,4.3,115.58,119264.0
2023-07-14,22.44,36.0,68.61,14.74,30.44,14.45,17.83,4.13,113.96,117711.0
2023-07-17,22.67,35.3,67.85,14.82,30.48,14.59,17.96,4.18,114.71,118219.0
2023-07-18,22.63,35.94,67.42,14.67,30.13,14.71,18.11,4.18,113.95,117841.0
2023-07-19,22.8,37.91,67.24,14.63,30.18,14.6,17.78,4.13,113.75,117552.0
2023-07-20,22.94,38.16,67.39,14.92,30.71,14.61,17.88,4.16,114.34,118083.0
2023-07-21,23.35,38.89,67.8,15.3,31.05,15.17,18.3,4.26,116.4,120217.0
2023-07-24,24.02,41.54,69.85,15.12,31.47,15.1,18.86,4.34,117.57,121342.0
2023-07-25,24.09,40.5,72.01,15.03,31.19,14.99,18.64,4.44,117.98,122008.0
2023-07-26,24.0,40.48,71.76,14.98,31.4,14.95,19.0,4.6,118.74,122560.0
2023-07-27,23.37,40.35,70.42,14.7,30.87,14.6,18.63,4.54,116.04,119990.0
2023-07-28,23.37,40.32,67.63,14.96,31.27,14.72,18.64,4.62,116.52,120187.0
2023-07-31,23.24,39.92,69.16,14.86,31.12,14.9,18.75,4.8,117.95,121943.0
2023-08-01,23.0,39.86,68.2,14.97,31.26,14.74,18.65,4.84,117.52,121248.0
2023-08-02,23.04,40.03,67.09,15.05,31.28,14.77,19.0,4.75,117.01,120859.0
2023-08-03,23.29,40.43,67.51,14.63,31.32,14.87,18.55,4.62,116.71,120586.0
2023-08-04,23.21,40.85,67.56,14.71,31.51,14.71,19.62,4.76,115.66,119508.0
2023-08-07,23.24,40.93,67.9,14.68,32.26,14.63,19.0,4.77,115.61,119380.0
2023-08-08,23.32,40.66,67.46,14.5,32.05,14.49,19.15,5.06,115.27,119090.0
2023-08-09,23.86,40.78,66.85,14.38,32.16,14.3,18.3,4.96,114.7,118409.0
2023-08-10,23.98,40.24,66.06,14.37,32.25,14.27,18.72,5.26,114.51,118350.0
2023-08-11,22.8,39.8,65.51,14.36,32.47,14.2,18.51,5.23,114.25,118065.0
2023-08-14,22.84,39.31,61.9,14.33,32.77,14.11,17.57,5.02,113.31,116810.0
2023-08-15,23.02,39.35,61.29,14.2,32.55,14.02,17.44,5.02,112.37,116171.0
2023-08-16,22.72,37.61,61.05,14.18,32.54,13.81,17.49,4.73,111.87,115592.0
2023-08-17,22.22,36.91,61.91,14.22,29.66,13.43,17.11,4.57,111.36,114982.0
2023-08-18,22.27,36.26,61.22,14.36,29.88,13.66,17.36,4.63,111.7,115409.0
2023-08-21,22.11,36.04,61.2,14.31,29.89,13.48,17.11,4.49,110.79,114429.0
2023-08-22,22.83,36.47,62.58,14.42,29.96,13.86,17.18,4.56,112.41,116156.0
2023-08-23,23.3,36.45,63.04,14.45,30.15,14.2,17.41,4.69,114.3,118135.0
2023-08-24,23.13,35.98,62.2,14.19,30.34,13.69,16.89,4.69,113.3,117026.0
2023-08-25,22.65,36.36,62.07,13.99,30.34,13.49,16.61,4.59,112.15,115837.0
2023-08-28,22.75,36.62,62.96,14.21,30.76,13.53,16.7,4.54,113.5,117121.0
2023-08-29,22.87,36.49,64.97,14.26,31.05,13.57,16.7,4.6,114.62,118404.0
2023-08-30,22.63,36.3,64.98,14.18,30.79,13.22,16.44,4.47,113.9,117535.0
2023-08-31,22.35,35.88,65.08,13.84,30.38,12.93,16.03,4.26,112.31,115742.0
2023-09-01,22.67,35.95,68.89,13.87,31.03,12.98,16.77,4.43,114.05,117893.0
2023-09-04,22.6,36.13,69.4,13.86,31.38,13.06,16.44,4.45,114.14,117777.0
2023-09-05,22.08,35.91,69.1,14.01,31.32,12.77,16.07,4.41,113.62,117331.0
2023-09-06,21.87,35.55,68.0,13.98,31.09,12.54,15.57,4.4,112.25,115985.0
2023-09-08,22.08,35.4,66.71,13.7,31.11,12.54,15.52,4.37,111.66,115313.0
2023-09-11,22.14,35.28,67.67,13.87,31.79,12.91,15.75,4.44,113.48,116883.0
2023-09-12,22.76,35.65,67.62,13.71,31.95,13.16,16.01,4.64,114.22,117968.0
2023-09-13,23.32,36.93,67.36,13.64,31.92,13.21,16.25,4.58,114.46,118176.0
2023-09-14,23.94,36.08,70.12,13.53,31.7,13.3,16.06,4.5,115.59,119392.0
2023-09-15,23.84,36.1,69.54,13.42,31.64,13.2,15.58,4.41,114.92,118758.0
2023-09-18,23.74,35.79,68.72,13.39,31.84,13.08,15.43,4.42,114.65,118288.0
2023-09-19,23.75,35.98,68.85,13.43,31.68,12.92,14.6,4.5,114.1,117846.0
2023-09-20,23.88,35.79,69.31,13.47,32.2,13.13,14.66,4.43,115.03,118695.0
2023-09-21,23.48,34.98,67.5,13.24,31.76,12.59,13.95,4.26,112.6,116145.0
2023-09-22,23.43,34.59,68.0,13.12,31.74,12.33,13.89,4.28,112.61,116009.0
2023-09-25,23.39,36.13,66.6,13.22,32.03,12.34,13.8,4.38,112.57,115925.0
2023-09-26,22.85,36.08,65.56,13.04,31.83,12.07,13.16,4.26,110.65,114193.0
2023-09-27,22.3,36.02,65.7,12.97,31.47,12.03,12.9,4.31,110.7,114327.0
2023-09-28,22.78,36.39,66.7,12.98,31.7,12.21,13.42,4.47,112.18,115731.0
2023-09-29,22.82,36.27,67.58,13.11,31.21,12.29,13.4,4.7,113.15,116565.0
2023-10-02,22.44,36.15,66.99,13.09,31.94,12.0,12.85,4.57,111.49,115057.0
2023-10-03,21.67,35.17,66.58,13.05,32.02,11.49,12.53,4.32,109.82,113419.0
2023-10-04,21.72,35.16,65.87,13.21,32.2,11.86,12.93,4.37,110.18,113607.0
2023-10-05,21.58,34.98,65.9,12.89,31.94,11.73,12.73,4.16,109.75,113284.0
2023-10-06,21.79,34.8,66.86,13.19,32.07,11.84,12.59,4.04,110.66,114170.0
2023-10-09,22.07,34.85,66.38,13.17,31.88,11.78,12.68,4.08,111.74,115156.0
2023-10-10,22.93,35.3,66.78,13.25,31.63,12.05,13.0,4.26,113.13,116737.0
2023-10-11,23.07,35.17,67.36,13.29,31.75,12.03,13.1,4.23,113.5,117051.0
2023-10-13,22.5,34.54,66.59,12.98,31.3,11.6,12.69,4.02,112.06,115754.0
2023-10-16,22.56,34.65,67.3,13.01,31.69,11.74,12.96,4.0,112.94,116534.0
2023-10-17,21.91,34.28,67.85,12.8,31.61,11.27,12.81,3.93,112.34,115908.0
2023-10-18,21.3,34.29,65.36,12.53,31.89,11.13,12.24,3.8,110.37,114060.0
2023-10-19,21.67,33.94,64.42,12.52,31.86,11.0,12.34,3.82,110.6,114004.0
2023-10-20,21.57,33.81,62.68,12.49,31.44,11.15,12.22,3.87,109.5,113155.0
2023-10-23,22.43,33.9,62.56,12.48,31.36,11.31,12.4,4.0,109.35,112785.0
2023-10-24,22.23,35.01,63.99,12.52,31.4,11.6,12.38,4.08,110.24,113762.0
2023-10-25,22.05,31.47,63.93,12.44,31.27,11.54,12.35,3.87,109.35,112830.0
2023-10-26,22.77,32.66,65.3,12.63,31.33,11.73,12.68,3.91,111.4,114777.0
2023-10-27,22.1,31.63,67.57,12.29,30.95,11.2,12.21,3.74,109.85,113301.0
2023-10-30,22.02,32.3,68.18,12.36,30.55,11.08,11.94,3.64,108.96,112532.0
2023-10-31,22.31,33.01,69.0,12.86,30.76,11.1,12.26,3.69,109.62,113144.0
2023-11-01,23.0,33.08,70.32,12.99,31.21,11.55,12.27,3.74,111.56,115053.0
2023-11-03,23.13,33.53,71.2,13.29,31.45,12.21,13.24,4.04,114.75,118160.0
2023-11-06,23.13,33.21,71.5,13.51,31.77,12.24,12.61,3.98,114.81,118487.0
2023-11-07,22.9,32.7,70.08,13.57,31.9,12.46,13.18,4.32,115.67,119268.0
2023-11-08,22.65,32.45,70.13,13.54,31.9,12.47,13.45,4.31,115.52,119099.0
2023-11-09,22.85,32.41,70.47,13.41,31.3,12.36,13.55,4.46,115.18,119012.0
2023-11-10,23.09,33.17,71.55,13.35,31.3,12.96,12.96,4.4,117.01,120636.0
2023-11-13,22.8,32.72,71.4,13.43,31.42,12.43,13.35,4.31,116.82,120376.0
2023-11-14,23.41,33.46,73.61,13.7,31.65,12.66,14.03,4.55,119.61,123328.0
2023-11-16,23.61,33.48,74.1,13.67,32.14,12.92,14.4,4.71,120.96,124576.0
2023-11-17,23.25,33.26,74.24,13.6,31.78,12.73,14.35,4.58,121.1,125062.0
2023-11-20,23.56,33.48,76.06,13.6,31.98,13.11,14.65,4.64,122.25,126095.0
2023-11-21,22.9,33.66,77.9,13.44,31.91,12.84,14.4,4.65,121.76,125607.0
2023-11-22,22.67,34.1,74.85,13.57,32.03,13.02,14.98,4.56,122.15,126035.0
2023-11-23,22.91,34.06,74.38,13.55,32.1,13.17,15.03,4.5,122.83,126576.0
2023-11-24,22.56,33.72,73.75,13.39,31.91,12.92,14.56,4.43,121.66,125542.0
2023-11-27,22.57,34.14,73.31,13.58,31.71,12.92,14.87,4.56,121.94,125683.0
2023-11-28,22.68,34.37,73.47,13.65,31.81,13.22,15.45,4.69,122.72,126538.0
2023-11-29,22.9,34.13,73.45,13.3,31.45,13.25,16.09,4.45,122.27,126101.0
2023-11-30,22.9,34.19,73.85,13.69,31.3,13.3,16.37,4.37,123.57,127331.0
2023-12-01,22.77,34.78,75.22,14.08,30.9,13.53,16.38,4.42,124.24,128103.0
2023-12-04,22.58,34.76,73.53,14.06,30.82,13.54,16.05,4.29,122.96,126803.0
2023-12-05,22.46,35.3,72.85,14.24,30.7,13.45,16.25,4.38,123.01,126903.0
2023-12-06,22.55,35.39,72.37,13.99,30.68,13.23,16.38,4.27,121.72,125623.0
2023-12-07,22.39,35.36,72.6,14.08,31.1,13.29,16.62,4.28,122.29,126010.0
2023-12-08,22.17,34.65,72.8,14.31,31.11,13.54,16.45,4.35,123.31,127094.0
2023-12-11,22.15,34.87,72.86,14.32,31.18,13.93,16.27,4.23,123.11,126916.0
2023-12-12,22.33,35.03,72.99,14.23,31.21,13.85,16.19,4.15,122.6,126403.0
2023-12-13,22.34,36.06,73.0,14.7,31.05,14.43,16.73,4.51,126.12,129465.0
2023-12-14,22.95,36.3,73.4,14.5,31.64,14.83,17.45,4.63,126.88,130842.0
2023-12-15,22.82,36.03,73.86,14.47,32.07,14.67,17.3,4.38,126.28,130197.0
2023-12-18,22.21,36.04,74.21,14.55,32.53,14.74,17.3,4.51,127.27,131084.0
2023-12-19,22.4,36.42,74.73,14.7,33.37,14.55,17.34,4.46,128.05,131851.0
2023-12-20,22.6,36.16,74.49,13.74,33.15,14.17,17.11,4.34,126.82,130804.0
2023-12-21,22.82,36.39,76.97,13.7,33.15,14.49,17.32,4.33,128.35,132182.0
2023-12-22,22.9,36.51,76.39,13.71,33.36,14.51,17.71,4.35,128.94,132753.0
2023-12-26,22.91,36.72,76.66,13.77,33.61,14.66,17.58,4.31,129.65,133533.0
2023-12-27,23.0,36.84,77.4,13.84,33.38,14.58,17.55,4.38,130.46,134194.0
2023-12-28,22.95,36.91,77.2,13.73,33.65,14.55,17.42,4.45,130.39,134185.0
2024-01-02,22.25,36.57,77.05,13.71,33.89,14.17,17.21,4.29,128.76,132697.0
2024-01-03,22.38,36.85,76.65,13.6,33.74,14.13,16.89,4.24,128.99,132834.0
2024-01-04,22.4,36.36,75.62,13.65,33.98,13.72,16.23,4.11,127.35,131226.0
2024-01-05,22.65,35.97,74.65,13.6,33.68,13.97,16.64,4.27,128.25,132023.0
2024-01-08,23.64,36.06,74.27,13.71,33.52,14.28,17.28,4.43,128.57,132427.0
2024-01-09,23.5,35.17,73.33,13.62,33.4,14.06,16.81,4.44,127.59,131447.0
2024-01-10,23.81,35.32,72.23,13.76,33.19,13.92,16.49,4.45,126.94,130841.0
2024-01-11,23.11,34.82,72.61,13.56,33.28,13.95,16.45,4.33,126.81,130649.0
2024-01-12,23.47,34.67,71.69,13.59,33.34,14.1,16.96,4.53,127.23,130988.0
2024-01-15,23.29,34.32,71.55,13.59,33.69,14.13,17.0,4.56,127.82,131521.0
2024-01-16,22.77,33.61,70.62,13.35,33.48,13.98,16.71,4.45,125.49,129294.0
2024-01-17,22.02,33.4,69.45,13.43,33.91,13.73,16.78,4.3,124.53,128524.0
2024-01-18,21.77,33.14,69.0,13.34,34.38,13.85,16.49,4.0,123.56,127316.0
2024-01-19,22.4,33.48,68.1,13.35,34.55,13.79,16.72,4.02,123.84,127636.0
2024-01-22,22.28,33.38,67.8,13.36,34.63,13.48,15.81,3.79,122.7,126602.0
2024-01-23,22.94,33.77,69.2,13.37,34.51,13.73,15.91,3.94,124.55,128263.0
2024-01-24,22.51,33.47,69.9,13.2,34.24,13.63,15.8,3.96,123.97,127816.0
2024-01-25,22.45,33.25,68.36,13.2,33.74,13.43,16.15,4.01,124.46,128169.0
2024-01-26,22.64,33.17,69.5,13.2,33.73,13.22,15.78,3.93,125.08,128967.0
2024-01-29,22.86,33.25,69.17,13.25,34.09,13.21,15.71,3.9,124.75,128503.0
2024-01-30,22.63,32.99,68.78,13.04,33.83,13.0,15.58,3.86,123.57,127402.0
2024-01-31,23.06,32.34,67.76,13.08,34.25,13.09,16.05,3.88,123.95,127752.0
2024-02-01,23.02,32.63,67.45,13.07,34.31,13.29,16.16,3.91,124.76,128481.0
2024-02-02,22.84,32.59,66.08,13.07,34.09,13.17,15.74,3.83,123.32,127182.0
2024-02-05,22.67,33.26,65.51,13.09,34.55,13.07,15.02,3.85,123.86,127593.0
2024-02-06,22.52,33.24,66.67,13.23,35.5,13.21,15.61,3.82,126.88,130416.0
2024-02-07,23.46,33.63,66.8,13.0,35.84,13.43,15.51,3.66,126.05,129608.0
2024-02-08,23.55,33.8,66.21,12.95,34.5,13.16,14.96,3.47,124.51,128217.0
2024-02-09,24.09,33.37,65.92,12.95,32.79,13.24,14.83,3.51,124.13,128026.0
2024-02-14,23.83,33.53,65.72,12.92,32.93,12.86,14.6,3.42,123.23,127018.0
2024-02-15,23.89,33.21,65.51,12.85,33.01,12.69,14.47,3.45,124.06,127804.0
2024-02-16,23.43,33.4,67.68,12.76,32.66,12.73,14.4,3.48,124.88,128726.0
2024-02-19,23.24,33.49,67.49,12.81,32.77,12.69,14.59,3.49,125.14,129036.0
2024-02-20,23.35,34.27,66.01,12.85,33.11,12.94,14.75,3.55,126.19,129916.0
2024-02-21,22.99,36.63,66.51,12.9,32.9,12.81,14.74,3.39,126.18,130032.0
2024-02-22,22.89,35.47,67.22,12.96,33.36,12.65,15.13,3.58,126.3,130241.0
2024-02-23,22.81,35.98,67.38,12.89,33.05,12.45,15.26,3.59,125.61,129419.0
2024-02-26,22.73,36.57,65.75,13.04,33.07,12.48,15.28,3.58,125.77,129609.0
2024-02-27,23.05,36.96,67.48,13.31,33.21,12.75,16.15,3.75,127.84,131689.0
2024-02-28,22.88,36.91,66.74,13.45,33.55,12.58,15.7,3.79,126.26,130155.0
2024-02-29,22.72,36.69,66.99,12.58,33.34,12.83,15.8,3.67,125.25,129020.0
2024-03-01,22.26,37.29,66.88,12.44,32.92,12.42,16.63,3.72,125.24,129180.0
2024-03-04,22.1,37.14,66.73,12.48,32.91,12.3,16.17,3.6,124.5,128341.0
2024-03-05,22.06,37.43,65.85,12.75,32.86,12.19,16.34,3.75,124.4,128098.0
2024-03-06,22.35,37.13,66.75,12.69,32.7,12.25,16.05,3.78,125.15,128890.0
2024-03-07,22.12,36.9,66.52,12.65,32.9,12.32,16.24,3.81,124.67,128340.0
2024-03-08,22.21,36.92,66.01,12.84,32.79,12.46,16.23,3.88,123.26,127071.0
2024-03-11,22.2,37.16,63.96,12.8,32.83,12.58,15.94,3.85,122.32,126124.0
2024-03-12,22.31,37.61,60.84,12.84,32.94,12.82,16.54,3.92,123.81,127668.0
2024-03-13,22.17,38.02,61.23,12.75,32.88,12.76,16.91,3.89,124.37,128006.0
2024-03-14,22.2,37.79,60.45,12.8,33.11,12.51,16.51,3.85,123.82,127690.0
2024-03-15,22.06,38.0,59.76,12.63,33.27,12.33,15.4,3.82,122.87,126742.0
2024-03-18,22.05,38.0,60.9,12.63,33.26,12.36,15.51,3.86,123.05,126954.0
2024-03-19,22.02,38.76,61.4,12.54,32.89,12.31,15.61,3.83,123.73,127529.0
2024-03-20,22.1,38.83,61.81,12.54,32.86,12.75,16.19,3.97,125.45,129125.0
2024-03-21,22.2,39.43,61.66,12.61,32.11,12.4,15.88,3.9,124.37,128159.0
2024-03-22,21.87,39.74,60.95,12.41,32.34,12.0,15.64,3.88,123.21,127027.0
2024-03-25,21.84,39.04,60.82,12.23,31.95,11.9,15.69,3.85,123.19,126931.0
2024-03-26,22.07,38.78,60.05,12.41,32.12,11.9,15.5,3.79,123.24,126863.0
2024-03-27,22.47,38.55,60.6,12.45,32.71,12.02,16.34,3.76,124.05,127691.0
2024-03-28,22.26,38.2,60.83,12.49,32.52,11.99,16.98,3.7,124.33,128106.0
2024-04-01,22.05,37.99,61.22,12.33,32.68,11.77,16.84,3.94,123.29,126990.0
2024-04-02,22.52,38.17,61.94,12.27,32.67,11.73,17.48,3.89,123.74,127549.0
2024-04-03,22.3,37.89,61.05,12.45,32.44,11.7,17.03,3.9,123.54,127318.0
2024-04-04,22.42,38.1,60.37,12.47,32.66,11.96,17.4,4.01,123.68,127428.0
2024-04-05,22.45,37.99,59.71,12.23,32.96,12.0,16.94,3.97,122.9,126795.0
2024-04-08,22.8,38.2,62.97,12.17,33.18,12.13,17.15,4.01,125.13,128857.0
2024-04-09,23.27,38.8,62.55,12.36,33.42,12.39,17.29,4.07,126.21,129890.0
2024-04-10,22.7,38.4,61.6,12.1,33.07,11.96,16.37,3.94,124.15,128054.0
2024-04-11,22.72,38.24,61.86,12.2,33.38,11.98,16.69,3.96,123.72,127396.0
2024-04-12,22.3,37.98,61.63,12.12,32.97,11.71,16.06,3.88,122.12,125946.0
2024-04-15,21.67,37.64,61.99,12.07,33.01,11.48,15.86,3.73,121.55,125334.0
2024-04-16,21.38,38.77,61.44,11.94,32.83,11.33,16.08,3.6,120.85,124389.0
2024-04-17,21.12,38.22,62.11,11.91,32.97,11.24,15.66,3.54,120.54,124171.0
2024-04-18,21.1,38.6,62.34,11.96,32.65,11.14,15.41,3.5,120.48,124196.0
2024-04-19,21.25,38.55,63.36,11.95,32.96,11.18,15.65,3.6,121.52,125124.0
2024-04-22,21.09,38.27,63.33,11.95,32.94,11.27,15.59,3.64,121.8,125573.0
2024-04-23,21.09,37.99,62.78,11.86,32.5,11.09,15.56,3.61,121.41,125148.0
2024-04-24,20.65,38.23,63.56,12.04,32.1,10.94,15.59,3.6,120.97,124741.0
2024-04-25,20.6,38.67,62.22,12.02,31.99,10.83,15.51,3.62,120.91,124646.0
2024-04-26,20.84,39.22,62.74,12.01,32.09,11.22,15.71,3.78,122.83,126526.0
2024-04-29,20.83,39.36,63.9,12.1,32.29,11.14,15.69,3.82,123.77,127352.0
2024-04-30,20.16,39.55,63.29,12.15,32.2,10.79,15.33,3.69,122.38,125924.0
2024-05-02,20.53,38.85,63.92,12.33,32.42,11.06,15.63,3.72,123.35,127122.0
2024-05-03,21.0,38.77,63.99,12.37,32.84,11.39,16.4,3.85,124.95,128509.0
2024-05-06,20.8,38.63,64.18,12.45,33.26,11.51,15.95,3.88,124.71,128466.0
2024-05-07,20.74,38.9,64.58,12.6,32.8,11.58,15.93,4.04,125.4,129210.0
2024-05-08,20.67,39.09,63.99,12.17,32.62,11.67,16.85,4.13,125.75,129481.0
2024-05-09,20.46,38.9,64.51,12.05,32.62,11.21,15.76,4.1,124.52,128188.0
2024-05-10,20.98,38.97,64.29,12.04,33.13,10.94,15.1,4.05,124.01,127600.0
2024-05-13,20.84,39.08,64.67,12.06,33.6,11.23,15.13,4.03,124.56,128155.0
2024-05-14,20.64,39.61,64.63,12.16,34.0,11.47,15.2,4.45,124.81,128515.0
2024-05-15,20.49,39.62,64.44,12.31,34.24,11.51,14.9,4.4,124.23,128028.0
2024-05-16,21.04,39.6,64.91,12.38,34.45,11.6,14.99,4.49,124.55,128284.0
2024-05-17,20.74,39.64,66.18,12.38,34.17,11.42,14.73,4.51,124.37,128151.0
2024-05-20,20.31,39.85,66.15,12.1,33.7,11.43,14.69,4.55,124.12,127751.0
2024-05-21,20.68,39.76,65.96,12.02,33.93,11.41,14.11,4.48,123.7,127412.0
2024-05-22,20.49,39.28,65.44,11.97,33.36,11.06,13.11,4.4,122.07,125650.0
2024-05-23,20.49,39.03,65.05,11.96,33.22,11.11,13.4,4.26,121.1,124729.0
2024-05-24,20.32,38.34,65.08,11.87,32.69,11.14,13.33,4.26,120.64,124306.0
2024-05-27,20.31,38.35,65.3,11.81,32.86,11.1,13.34,4.27,120.87,124496.0
2024-05-28,20.14,38.23,63.89,11.59,32.41,11.07,13.2,4.15,120.18,123780.0
2024-05-29,19.75,37.73,63.24,11.52,32.6,10.88,13.36,4.15,119.12,122707.0
2024-05-31,19.71,37.55,63.2,11.56,32.3,10.7,13.12,3.99,118.66,122098.0
2024-06-03,19.83,37.34,61.87,11.55,32.18,10.69,13.02,4.07,118.44,122032.0
2024-06-04,19.86,37.8,61.24,11.69,32.59,10.71,12.88,4.06,118.16,121802.0
2024-06-05,19.8,37.54,60.37,11.57,32.78,10.74,12.89,3.95,117.9,121407.0
2024-06-06,20.5,37.81,61.21,11.82,32.95,11.08,13.38,4.01,119.4,122899.0
2024-06-07,19.8,37.85,60.41,11.56,32.69,10.75,13.17,3.89,117.13,120767.0
2024-06-10,19.6,37.81,61.07,11.46,32.62,10.49,12.76,3.85,117.35,120760.0
2024-06-11,20.0,37.8,60.98,11.4,32.78,10.55,12.97,3.91,118.0,121635.0
2024-06-12,19.6,38.07,60.14,11.27,32.47,10.4,12.77,3.79,116.46,119936.0
2024-06-13,19.39,38.42,60.83,11.09,32.51,10.08,12.59,3.74,116.18,119568.0
2024-06-14,19.77,38.77,60.62,11.24,32.46,10.37,12.79,3.75,116.22,119662.0
2024-06-17,19.27,38.77,60.38,11.24,32.39,10.56,12.42,3.66,115.74,119138.0
2024-06-18,19.5,38.86,60.66,11.25,32.45,10.61,12.36,3.65,116.12,119630.0
2024-06-19,19.54,39.81,60.85,11.2,32.57,10.46,12.63,3.7,116.76,120261.0
2024-06-20,19.6,40.78,61.4,11.28,32.71,10.32,12.51,3.65,117.12,120446.0
2024-06-21,20.05,41.08,60.83,11.28,32.9,10.39,12.53,3.67,118.02,121341.0
2024-06-24,20.26,40.87,60.9,11.32,33.63,10.51,12.75,3.89,119.08,122637.0
2024-06-25,20.34,41.57,60.65,11.38,33.43,10.32,12.66,3.83,118.9,122331.0
2024-06-26,20.6,41.95,61.4,11.45,32.95,10.22,12.12,3.81,119.14,122641.0
2024-06-27,21.09,41.7,61.56,11.46,32.78,10.4,12.59,3.91,120.8,124308.0
2024-06-28,20.72,42.19,62.22,11.41,32.93,10.24,12.48,3.83,120.38,123907.0
2024-07-01,20.6,41.97,63.14,11.45,32.82,10.47,12.46,3.76,121.08,124718.0
2024-07-02,20.69,42.03,62.93,11.46,32.83,10.45,12.16,3.72,121.33,124787.0
2024-07-03,21.15,42.11,64.18,11.38,32.97,10.43,12.43,3.89,122.14,125662.0
2024-07-04,21.35,41.89,63.86,11.45,33.16,10.58,13.23,3.97,122.62,126164.0
2024-07-05,21.5,42.19,63.6,11.32,33.17,10.52,13.35,3.95,122.7,126267.0
2024-07-08,21.4,44.47,63.1,11.25,33.19,10.69,13.1,3.93,122.94,126548.0
2024-07-09,21.77,44.55,63.02,11.25,33.25,10.62,13.24,4.06,123.54,127108.0
2024-07-10,22.35,44.05,62.17,11.4,33.32,10.73,13.3,4.07,123.5,127218.0
2024-07-11,23.11,44.96,62.01,11.53,33.55,11.05,13.71,4.09,124.57,128294.0
2024-07-12,22.78,45.88,62.92,11.64,33.96,11.51,13.55,4.08,125.2,128897.0
2024-07-15,23.16,46.51,62.99,11.64,34.04,11.46,13.74,4.15,125.72,129321.0
2024-07-16,22.81,46.68,62.33,11.7,34.21,11.48,13.72,4.16,125.37,129110.0
2024-07-17,22.74,47.05,61.75,11.82,34.47,11.49,13.65,4.06,125.82,129450.0
2024-07-18,22.65,47.4,61.17,11.67,34.38,11.17,13.16,3.94,124.02,127652.0
2024-07-19,22.56,47.29,61.12,11.73,34.1,11.17,13.05,3.89,124.0,127616.0
2024-07-22,22.67,47.17,61.05,11.81,34.45,11.29,13.55,3.92,124.26,127860.0
2024-07-23,22.37,47.05,60.23,11.78,34.16,11.18,13.18,3.92,122.95,126590.0
2024-07-24,22.1,46.65,60.6,11.79,34.2,11.03,12.87,3.95,122.86,126423.0
2024-07-25,22.25,45.95,60.57,11.85,34.1,10.9,13.18,4.03,122.41,125954.0
2024-07-26,22.58,46.92,61.47,11.88,34.6,10.95,13.33,4.18,123.98,127492.0
2024-07-29,22.44,46.48,61.58,11.82,34.68,10.85,13.51,4.16,123.46,126954.0
2024-07-30,22.19,45.86,60.22,11.64,34.97,10.76,13.03,4.12,122.71,126139.0
2024-07-31,22.15,50.66,61.63,11.58,35.17,10.85,13.26,4.07,124.04,127652.0
2024-08-01,22.9,52.84,60.25,11.74,35.05,10.87,13.29,4.21,123.74,127395.0
2024-08-02,23.41,49.82,59.41,11.87,34.9,10.86,13.76,4.3,122.38,125854.0
2024-08-05,22.69,48.86,57.02,11.85,34.6,10.86,13.97,4.31,121.77,125270.0
2024-08-06,23.24,48.97,57.31,12.01,34.9,10.89,14.25,4.29,122.74,126267.0
2024-08-07,23.18,48.32,57.2,12.51,35.07,11.14,14.6,4.41,124.04,127514.0
2024-08-08,23.82,49.69,56.85,12.36,36.14,11.35,14.5,4.5,125.3,128661.0
2024-08-09,23.58,49.7,57.06,12.45,36.16,12.02,15.45,4.43,127.13,130615.0
2024-08-12,22.96,50.58,56.77,12.39,36.65,12.2,15.72,4.3,127.65,131116.0
2024-08-13,23.07,51.13,56.52,12.57,37.13,12.64,15.7,4.41,128.78,132398.0
2024-08-14,23.38,51.54,56.0,12.56,37.45,12.7,16.19,4.41,129.68,133318.0
2024-08-15,23.85,52.7,56.23,13.03,37.31,12.71,16.74,4.42,130.49,134153.0
2024-08-16,23.2,53.25,56.08,13.01,37.29,12.49,16.13,4.27,130.29,133953.0
2024-08-19,23.6,51.79,56.98,13.01,36.05,12.79,17.0,4.45,131.98,135778.0
2024-08-20,23.65,53.11,57.2,12.94,36.05,12.9,16.96,4.56,132.44,136087.0
2024-08-21,23.5,53.43,58.3,12.94,36.07,12.96,16.9,4.56,132.74,136464.0
2024-08-22,23.38,54.2,58.38,13.0,35.95,12.54,16.54,4.37,131.57,135173.0
2024-08-23,23.61,53.81,57.4,13.08,36.99,12.74,17.75,4.49,131.98,135608.0
2024-08-26,22.92,54.08,58.05,13.08,36.64,12.8,17.7,4.48,133.21,136889.0
2024-08-27,22.85,54.0,59.8,13.03,36.64,12.65,18.35,4.46,133.01,136776.0
2024-08-28,22.55,54.0,59.37,12.95,36.41,12.7,17.66,4.46,133.62,137344.0
2024-08-29,22.04,53.54,59.3,12.86,36.55,12.54,17.05,4.29,132.17,136041.0
2024-08-30,21.85,54.15,59.58,12.86,36.73,12.68,17.01,4.24,132.6,136004.0
2024-09-02,21.48,52.35,58.74,12.87,36.71,12.43,16.94,4.28,131.1,134981.0
2024-09-03,21.43,52.8,56.55,12.8,36.88,12.15,17.23,4.37,130.63,134353.0
2024-09-04,21.67,53.39,56.99,12.99,37.42,12.55,17.48,4.44,132.38,136111.0
2024-09-05,21.79,53.99,57.4,12.97,36.95,12.59,18.03,4.55,132.89,136502.0
2024-09-06,21.6,52.88,56.68,12.99,36.71,12.23,17.72,4.48,130.96,134572.0
2024-09-09,21.3,52.45,56.68,13.11,36.64,12.3,17.57,4.5,131.04,134737.0
2024-09-10,21.6,52.89,56.0,13.24,36.62,12.44,17.68,4.52,130.63,134320.0
2024-09-11,21.6,53.5,57.59,13.04,36.4,12.13,18.15,4.5,131.21,134677.0
2024-09-12,21.1,53.31,58.11,12.91,36.1,12.05,18.38,4.49,130.31,134029.0
2024-09-13,21.16,53.62,58.5,12.73,36.19,12.13,18.94,4.6,131.21,134882.0
2024-09-16,21.11,53.0,58.5,12.86,36.4,12.16,19.36,4.62,131.38,135118.0
2024-09-17,20.95,53.32,58.22,12.96,35.96,12.26,19.07,4.61,131.33,134960.0
2024-09-18,20.65,53.36,57.54,12.98,35.59,12.13,19.0,4.66,130.05,133748.0
2024-09-19,20.48,53.26,58.23,12.95,35.36,12.0,18.86,4.47,129.37,133123.0
2024-09-20,19.92,52.52,57.35,12.76,35.01,11.6,18.04,4.33,127.63,131065.0
2024-09-23,19.8,54.32,57.53,12.75,35.13,11.2,17.71,4.23,127.0,130568.0
2024-09-24,20.03,55.39,60.34,12.76,35.42,11.25,18.66,4.25,128.68,132156.0
2024-09-25,19.83,55.68,60.61,12.68,35.35,10.79,18.07,4.12,127.92,131586.0
2024-09-26,20.18,56.05,64.25,12.84,35.47,10.85,18.0,4.07,129.33,133010.0
2024-09-27,20.07,56.03,63.96,12.92,35.37,10.73,17.83,4.0,129.04,132730.0
2024-09-30,20.0,54.39,63.51,13.08,35.5,10.71,18.06,4.0,128.43,131816.0
2024-10-01,19.86,55.88,63.82,13.6,35.75,10.71,17.87,4.04,128.86,132495.0
2024-10-02,20.05,55.35,64.17,13.72,35.46,10.94,18.35,4.14,129.85,133515.0
2024-10-03,19.77,54.6,62.94,13.4,35.12,10.72,17.96,4.01,128.03,131672.0
2024-10-04,19.95,54.5,62.48,13.28,35.08,10.75,18.11,4.02,128.2,131792.0
2024-10-07,19.93,53.4,63.03,13.17,34.43,10.55,17.7,3.97,128.45,132018.0
2024-10-08,19.65,54.31,61.12,13.08,34.3,10.7,18.0,3.94,127.93,131512.0
2024-10-09,19.24,54.0,60.96,13.08,33.85,10.68,17.64,3.89,126.35,129962.0
2024-10-10,19.27,54.18,61.25,13.11,33.84,10.75,18.1,3.81,126.8,130353.0
2024-10-11,19.13,54.17,62.13,12.88,33.86,10.69,18.71,3.87,126.47,129992.0
2024-10-14,19.1,55.04,61.93,12.92,33.97,10.88,18.91,3.85,127.5,131005.0
2024-10-15,19.1,56.53,61.17,12.88,33.93,10.84,18.95,3.85,127.4,131043.0
2024-10-16,19.25,57.19,62.34,12.94,34.04,10.98,18.79,3.86,128.07,131750.0
2024-10-17,19.45,56.22,60.76,12.86,33.99,10.72,18.71,3.72,127.31,130793.0
2024-10-18,19.19,55.22,60.55,12.88,33.82,10.65,18.4,3.76,127.0,130499.0
2024-10-21,19.15,55.04,60.33,12.83,33.95,10.85,18.45,3.65,126.75,130362.0
2024-10-22,18.9,55.95,60.41,12.82,34.34,10.61,18.16,3.69,126.5,129721.0
2024-10-23,19.0,56.2,59.35,12.75,34.32,10.62,17.96,3.81,125.81,129233.0
2024-10-24,19.1,56.27,59.7,12.83,34.36,10.78,18.83,3.78,126.6,130067.0
2024-10-25,19.22,55.47,61.73,12.75,34.3,10.71,18.47,3.64,126.35,129893.0
2024-10-28,19.8,56.26,62.88,12.89,34.38,10.89,18.51,3.71,127.84,131213.0
2024-10-29,19.9,56.94,62.66,12.98,34.5,10.83,18.5,3.6,127.25,130730.0
2024-10-30,19.78,54.0,62.47,12.93,34.5,10.78,18.62,3.6,127.23,130639.0
2024-10-31,19.9,54.11,62.06,12.64,34.27,10.62,18.57,3.52,126.26,129713.0
2024-11-01,19.45,54.7,62.03,12.54,34.28,10.42,18.11,3.33,124.6,128121.0
2024-11-04,20.46,56.19,62.67,12.67,34.64,10.86,18.82,3.46,127.15,130515.0
2024-11-05,20.47,56.01,62.12,12.68,35.11,10.97,18.7,3.41,127.15,130661.0
2024-11-06,20.7,56.09,61.42,12.5,34.61,10.65,18.7,3.39,126.3,130341.0
2024-11-07,20.1,55.77,63.56,12.55,34.8,10.71,18.08,3.3,126.06,129682.0
2024-11-08,19.45,55.09,60.63,12.33,34.29,10.31,16.97,3.19,124.5,127830.0
2024-11-11,19.72,55.49,58.65,12.51,34.2,10.16,16.74,3.17,124.35,127874.0
2024-11-12,19.96,55.42,57.32,12.58,33.74,10.31,16.72,3.31,124.2,127698.0
2024-11-13,20.08,54.7,57.16,12.73,33.54,10.23,16.58,3.1,124.33,127734.0
2024-11-14,20.11,54.35,56.84,12.64,33.41,10.27,16.49,3.17,124.27,127792.0
2024-11-18,20.17,54.0,57.55,12.42,33.53,10.0,16.3,2.95,124.41,127768.0
2024-11-19,20.41,54.13,57.68,12.43,34.2,10.02,16.56,3.02,124.88,128197.0
2024-11-21,19.91,53.73,57.62,12.39,33.48,9.82,15.68,2.88,123.6,126922.0
2024-11-22,20.16,54.01,58.18,12.68,33.95,10.02,16.15,2.98,126.02,129126.0
2024-11-25,20.34,52.15,58.17,12.54,34.07,10.14,16.21,3.02,125.67,129036.0
2024-11-26,20.78,52.78,57.43,12.61,34.13,10.18,17.02,3.05,126.65,129922.0
2024-11-27,20.24,51.91,58.13,12.55,33.61,9.76,16.14,2.88,124.1,127669.0
2024-11-28,19.42,52.91,57.53,12.4,33.43,9.15,14.5,2.71,121.3,124610.0
2024-11-29,19.45,53.94,58.78,12.73,33.53,9.26,15.06,2.7,122.32,125668.0
2024-12-02,18.86,53.85,58.92,13.25,33.63,9.37,14.99,2.67,121.88,125236.0
2024-12-03,18.76,54.6,58.47,13.85,35.04,9.46,15.4,2.71,122.68,126139.0
2024-12-04,19.28,55.0,57.33,13.93,35.0,9.57,15.66,2.62,122.75,126087.0
2024-12-05,19.72,54.93,57.8,14.42,35.4,9.78,15.96,2.59,124.51,127858.0
2024-12-06,19.2,55.6,56.81,14.22,35.42,9.93,15.63,2.47,122.46,125946.0
2024-12-09,19.13,55.75,59.83,14.21,35.66,10.0,15.39,2.41,123.76,127210.0
2024-12-10,19.58,56.88,59.77,14.27,36.07,10.16,15.49,2.52,124.78,128228.0
2024-12-11,19.86,58.55,58.84,13.8,36.96,10.39,15.91,2.67,126.61,129593.0
2024-12-12,19.37,57.8,56.71,13.1,36.56,10.28,13.68,2.7,122.72,126042.0
2024-12-13,19.01,57.66,55.86,13.08,36.64,10.22,13.66,2.61,121.63,124612.0
2024-12-16,18.5,57.11,55.83,12.84,36.2,10.12,13.26,2.57,120.22,123560.0
2024-12-17,18.91,57.9,56.11,13.1,37.04,10.12,13.37,2.28,121.6,124698.0
2024-12-18,18.15,57.05,54.81,12.76,36.87,9.86,12.6,2.12,118.2,120772.0
2024-12-19,18.5,56.46,53.77,12.78,37.33,9.98,13.01,2.29,117.98,121188.0
2024-12-20,18.65,55.54,54.62,12.23,36.53,10.27,13.43,2.38,119.05,122102.0
2024-12-23,18.19,54.24,54.85,12.22,36.49,10.26,12.63,2.25,117.7,120767.0
2024-12-26,17.96,54.66,55.01,12.14,36.47,10.33,12.58,2.23,117.96,121078.0
2024-12-27,17.85,53.68,54.74,12.07,36.28,10.36,12.22,2.21,117.26,120269.0
2024-12-30,17.84,52.77,54.55,11.74,36.18,10.32,12.12,2.23,117.27,120283.0
2025-01-02,17.79,52.72,54.25,11.6,36.42,10.2,12.0,2.17,117.1,120125.0
2025-01-03,17.59,52.46,53.24,11.33,35.99,10.1,12.15,2.1,115.45,118533.0
2025-01-06,17.97,52.47,52.56,11.29,36.41,10.38,12.53,2.18,117.07,120022.0
2025-01-07,18.3,53.52,52.05,11.54,36.53,10.31,13.07,2.38,118.15,121163.0
2025-01-08,18.0,53.21,51.55,11.42,36.31,10.3,12.87,2.35,116.67,119625.0
2025-01-09,17.85,54.29,51.23,11.4,36.28,10.2,13.0,2.26,116.82,119781.0
2025-01-10,17.21,53.35,51.52,11.16,36.14,9.8,12.84,2.2,115.96,118856.0
2025-01-13,17.11,53.25,51.51,11.24,36.18,9.79,12.85,2.16,116.02,119007.0
2025-01-14,17.26,52.93,51.85,11.21,36.9,9.84,12.61,2.2,116.46,119299.0
2025-01-15,17.35,54.16,52.6,11.39,37.35,10.5,13.2,2.43,119.57,122650.0
2025-01-16,16.91,53.67,52.67,11.08,37.4,10.27,12.41,2.37,118.33,121234.0
2025-01-17,17.07,54.17,54.49,11.09,37.83,10.35,12.33,2.24,119.25,122350.0
2025-01-20,16.97,55.13,54.29,11.05,37.9,10.32,12.4,2.27,119.81,122543.0
2025-01-21,16.87,55.63,54.02,11.25,37.93,10.37,12.52,2.28,120.3,123338.0
2025-01-22,16.99,56.44,52.66,11.02,38.21,10.43,13.13,2.31,119.92,122972.0
2025-01-23,16.78,57.25,52.32,11.05,38.02,10.35,13.0,2.29,119.49,122483.0
2025-01-24,16.7,57.87,53.03,10.87,37.83,10.37,13.17,2.29,119.45,122447.0
2025-01-27,17.38,53.31,53.96,11.12,38.57,10.56,13.65,2.38,121.87,124862.0
2025-01-28,17.58,54.09,52.65,11.11,39.03,10.55,13.43,2.32,121.03,124056.0
2025-01-29,17.91,54.43,52.8,10.97,38.76,10.55,13.39,2.29,120.17,123432.0
2025-01-30,18.32,56.21,55.03,11.11,38.59,11.09,13.9,2.45,123.95,126913.0
2025-01-31,18.4,55.04,54.17,11.1,38.54,11.19,13.65,2.42,123.0,126135.0
2025-02-03,18.65,53.9,54.21,11.03,39.03,11.16,13.56,2.44,122.64,125970.0
2025-02-04,18.73,54.06,54.02,10.9,38.99,11.07,13.18,2.39,121.91,125147.0
2025-02-05,18.47,54.47,54.31,10.82,39.27,10.99,13.02,2.32,122.37,125534.0
2025-02-06,18.87,54.53,55.13,10.86,39.73,11.22,13.32,2.27,123.16,126225.0
2025-02-07,18.45,53.94,54.83,10.85,39.3,10.96,12.83,2.33,121.48,124619.0
2025-02-10,18.43,54.21,55.4,10.97,39.65,11.1,13.11,2.34,122.55,125572.0
2025-02-11,18.77,53.11,55.16,10.96,39.05,11.18,13.26,2.51,123.45,126522.0
2025-02-12,18.57,52.7,54.79,10.92,39.12,11.04,12.72,2.33,121.25,124380.0
2025-02-13,18.79,52.47,54.86,10.98,38.49,11.17,13.1,2.32,121.68,124850.0
2025-02-14,19.73,53.8,55.67,11.13,38.88,11.59,13.65,2.51,124.87,128219.0
2025-02-17,19.37,52.45,55.37,11.1,38.0,11.58,14.11,2.54,125.25,128869.0
2025-02-18,19.02,52.89,55.74,11.09,39.7,11.52,14.05,2.47,125.3,128532.0
2025-02-19,18.65,52.21,55.69,10.97,39.74,11.37,13.54,2.43,124.01,127309.0
2025-02-20,18.49,52.1,57.74,11.04,39.86,11.29,13.71,2.44,124.47,127601.0
2025-02-21,18.07,52.95,58.16,11.12,37.03,11.22,11.79,2.36,123.94,127128.0
2025-02-24,18.0,51.55,57.63,11.03,37.49,10.84,11.2,2.23,122.49,125401.0
2025-02-25,17.98,52.4,57.07,11.09,37.44,10.8,11.31,2.13,122.83,125980.0
2025-02-26,17.4,47.85,56.72,11.7,37.53,10.64,10.81,2.1,121.82,124769.0
2025-02-27,17.45,48.9,56.3,12.32,38.45,10.7,11.28,2.12,121.75,124799.0
2025-02-28,16.93,48.42,55.15,12.22,37.84,10.4,11.33,2.11,120.01,122799.0
2025-03-05,17.47,47.65,55.59,12.78,38.7,10.53,11.2,2.13,120.05,123047.0
2025-03-06,17.96,47.28,56.2,12.85,39.05,10.64,11.42,2.08,120.4,123358.0
2025-03-07,17.87,47.89,57.02,13.1,39.02,10.7,11.92,2.17,121.95,125035.0
2025-03-10,17.34,47.68,53.99,13.12,38.94,10.47,11.86,2.05,121.3,124519.0
2025-03-11,17.39,46.6,54.44,12.86,38.58,10.4,11.7,2.06,120.55,123507.0
2025-03-12,17.51,47.2,53.76,13.03,38.57,10.5,12.1,2.08,120.74,123864.0
2025-03-13,17.8,46.74,54.5,13.33,39.16,11.6,11.6,2.08,122.51,125637.0
2025-03-14,18.0,46.74,56.29,13.64,39.81,12.87,12.03,2.18,125.75,128957.0
2025-03-17,18.16,47.65,57.1,13.57,40.0,12.42,12.5,2.29,127.76,130834.0
2025-03-18,18.05,47.65,57.52,13.55,40.38,12.04,12.34,2.36,128.26,131475.0
2025-03-19,18.2,48.14,57.42,13.68,40.23,12.35,12.4,2.26,129.6,132508.0
2025-03-20,18.19,47.9,57.24,13.6,40.51,12.4,11.99,2.25,128.85,131955.0
2025-03-21,17.78,47.85,57.45,13.73,40.31,12.56,12.42,2.17,128.98,132345.0
2025-03-24,17.08,47.36,57.15,13.54,40.02,12.4,12.35,2.08,128.19,131321.0
2025-03-25,17.05,47.0,57.34,13.6,39.87,12.39,12.66,2.23,129.04,132068.0
2025-03-26,17.08,46.75,57.69,13.38,40.13,12.38,12.63,2.23,129.24,132520.0
2025-03-27,17.32,46.39,58.15,13.46,40.38,12.39,12.78,2.35,129.78,133149.0
2025-03-28,16.98,45.85,57.56,13.43,40.26,12.24,12.54,2.3,128.69,131902.0
2025-03-31,16.22,45.28,56.7,13.5,40.3,12.14,12.23,2.21,127.3,130260.0
2025-04-01,16.29,45.35,57.19,13.61,41.2,12.26,12.61,2.22,128.04,131147.0
2025-04-02,16.87,44.9,56.93,13.67,40.47,12.42,12.97,2.18,128.9,131190.0
2025-04-03,17.65,44.27,54.87,13.85,41.19,12.73,13.26,2.25,128.1,131141.0
2025-04-04,17.07,43.72,52.68,13.71,40.25,12.05,12.65,2.13,124.05,127256.0
2025-04-07,17.04,44.0,52.05,13.18,40.07,11.95,12.12,2.06,122.73,125588.0
2025-04-08,16.84,44.0,49.2,13.24,40.45,11.74,11.99,2.03,121.04,123932.0
2025-04-09,17.17,45.41,51.85,13.67,40.79,12.17,12.76,2.16,124.55,127796.0
2025-04-10,17.18,44.91,52.78,13.6,39.66,11.86,12.67,2.22,123.41,126355.0
2025-04-11,17.77,45.12,53.66,13.48,39.98,11.94,12.8,2.24,124.72,127682.0
2025-04-14,18.47,45.82,54.36,13.68,40.29,12.17,13.01,2.25,126.41,129454.0
2025-04-15,18.5,45.82,53.81,13.66,40.61,12.26,12.8,2.21,126.2,129245.0
2025-04-16,18.51,45.84,52.56,13.89,40.45,12.06,12.64,2.21,125.28,128317.0
2025-04-17,18.88,45.95,52.88,14.0,40.74,12.18,12.8,2.16,126.53,129650.0
2025-04-22,19.04,46.24,53.82,14.02,40.9,12.42,12.81,2.21,127.33,130464.0
2025-04-23,19.39,46.27,54.46,14.05,41.18,12.65,12.91,2.24,129.08,132216.0
2025-04-24,19.93,48.59,55.31,14.15,41.62,13.27,13.65,2.44,131.38,134580.0
2025-04-25,19.68,49.89,53.85,14.09,42.05,13.39,13.84,2.41,131.49,134739.0
2025-04-28,19.57,50.32,54.04,14.3,42.42,13.42,14.3,2.44,131.65,135016.0
2025-04-29,19.46,50.47,53.84,14.51,41.83,13.23,14.54,2.36,131.86,135093.0
2025-04-30,19.4,44.64,52.86,14.57,42.77,13.49,14.61,2.32,131.63,135067.0
2025-05-02,19.27,44.42,52.8,14.12,42.15,13.31,14.88,2.33,131.85,135134.0
2025-05-05,18.9,42.53,52.96,14.06,41.94,13.21,14.65,2.26,130.34,133491.0
2025-05-06,19.05,42.95,53.0,14.21,38.82,13.16,14.31,2.27,130.38,133516.0
2025-05-07,18.75,41.95,52.9,14.27,39.21,13.15,14.37,2.25,130.21,133398.0
2025-05-08,19.21,42.21,52.74,14.37,38.19,14.25,15.44,2.46,133.04,136232.0
2025-05-09,17.85,41.79,52.95,14.28,38.33,14.53,16.2,2.35,133.24,136512.0
2025-05-12,17.31,42.67,54.28,14.29,37.93,14.36,16.45,2.39,133.39,136563.0
2025-05-13,18.14,44.0,55.17,14.25,38.3,14.95,16.85,2.66,135.61,138963.0
2025-05-14,17.65,44.07,54.9,14.23,38.51,14.65,16.83,2.66,135.19,138423.0
2025-05-15,17.89,44.17,55.45,14.41,38.51,14.77,17.42,2.7,136.07,139334.0
2025-05-16,18.22,45.0,55.49,14.39,37.79,14.77,17.53,2.82,136.11,139187.0
2025-05-19,18.17,44.55,55.34,14.32,38.23,14.82,17.99,2.82,136.42,139636.0
2025-05-20,18.61,44.53,55.35,14.29,38.39,14.95,18.3,2.86,136.84,140110.0
2025-05-21,17.98,43.45,54.64,14.16,38.11,14.5,17.61,2.84,134.59,137881.0
2025-05-22,18.15,43.67,54.23,14.1,37.76,14.34,17.67,2.84,134.05,137273.0
2025-05-23,18.06,43.69,54.32,14.24,38.1,14.39,17.6,2.84,134.47,137824.0
2025-05-26,18.56,43.73,54.01,14.26,37.96,14.33,17.74,2.83,135.01,138136.0
2025-05-27,19.1,44.59,53.84,14.2,38.33,14.38,17.95,2.92,136.46,139541.0
2025-05-28,18.97,44.66,53.41,14.1,38.16,14.3,18.17,2.91,135.71,138888.0
2025-05-29,19.18,44.02,53.45,14.06,37.93,14.1,17.96,2.85,135.36,138534.0
2025-05-30,18.82,42.35,52.1,14.03,37.51,13.95,18.16,2.86,133.99,137027.0
2025-06-02,19.18,41.85,52.56,13.91,36.99,13.71,18.35,2.81,133.6,136787.0
2025-06-03,19.59,41.7,52.53,14.01,36.65,14.18,18.81,2.87,134.4,137546.0
2025-06-04,19.65,43.16,52.77,14.08,36.0,13.95,18.42,2.87,133.81,137002.0
2025-06-05,19.26,42.54,52.91,13.87,36.3,13.58,18.42,2.7,133.25,136236.0
2025-06-06,19.08,42.57,52.98,14.08,36.44,13.57,17.56,39.91,133.06,136102.0
2025-06-09,18.85,42.84,53.29,13.96,36.28,13.16,17.89,39.89,132.73,135699.0
2025-06-10,19.15,42.3,53.65,13.8,35.5,13.14,18.31,40.63,133.35,136436.0
2025-06-11,19.23,42.29,53.18,13.91,35.13,13.24,18.47,39.53,133.97,137128.0
2025-06-12,19.04,42.26,52.83,13.8,35.29,12.98,18.44,39.52,134.66,137800.0
2025-06-13,19.13,42.39,52.13,13.64,35.51,13.05,18.36,38.49,133.99,137213.0
2025-06-16,19.48,42.54,53.83,13.68,35.82,13.47,18.82,39.16,136.07,139256.0
2025-06-17,18.5,41.41,51.41,13.47,35.52,13.53,18.65,39.38,135.52,138840.0
2025-06-18,18.48,41.86,51.24,13.49,35.53,13.79,18.72,39.49,135.42,138717.0
2025-06-20,17.97,41.64,49.92,13.53,35.19,13.62,18.56,37.42,133.9,137116.0
2025-06-23,17.48,41.6,50.55,13.56,35.51,13.4,19.01,36.75,133.47,136551.0
2025-06-24,17.84,41.44,50.54,13.51,35.41,13.52,19.29,37.86,134.07,137165.0
2025-06-25,17.75,41.82,50.48,13.15,35.05,13.61,18.99,35.77,132.55,135767.0
2025-06-26,17.87,43.07,52.0,13.32,35.19,14.1,19.53,36.59,133.96,137114.0
2025-06-27,17.96,42.35,53.0,13.15,35.23,14.12,19.56,36.27,133.79,136866.0
2025-06-30,18.53,42.78,52.65,13.32,35.8,14.58,19.68,36.85,135.85,138855.0
2025-07-01,18.68,42.5,53.36,13.38,36.43,14.5,19.65,36.4,136.52,139549.0
2025-07-02,18.12,42.43,55.3,13.65,36.25,14.45,19.0,34.53,135.91,139051.0
2025-07-03,18.64,42.71,55.04,13.48,36.49,14.62,19.29,34.95,137.92,140928.0
2025-07-04,18.58,43.0,55.2,13.52,36.51,14.71,19.34,35.61,138.13,141478.0
2025-07-07,18.3,42.33,54.39,13.4,36.09,14.65,19.28,34.86,136.45,139490.0
2025-07-08,18.14,40.61,54.58,13.38,35.79,14.59,19.3,34.32,136.15,139303.0
2025-07-09,17.46,40.11,54.04,13.31,35.22,14.48,19.4,33.63,134.11,137481.0
2025-07-10,17.18,39.9,55.28,13.23,35.3,14.07,19.16,33.11,133.61,136743.0
2025-07-11,17.12,39.75,56.0,13.3,35.22,13.73,18.7,32.32,133.5,136187.0
2025-07-14,17.39,39.53,55.36,13.29,35.31,13.61,18.17,33.3,132.09,135299.0
2025-07-15,17.45,39.67,53.91,13.27,34.94,13.73,18.54,33.58,132.37,135250.0
2025-07-16,17.0,41.12,54.4,13.68,34.84,13.68,18.56,33.5,132.4,135511.0
2025-07-17,16.72,42.09,54.3,13.46,34.83,13.74,18.72,33.67,132.47,135565.0
2025-07-18,16.58,42.37,54.56,13.32,34.32,12.97,17.73,32.19,130.3,133382.0
2025-07-21,16.61,41.97,56.05,13.42,34.46,13.1,17.47,31.49,131.2,134167.0
2025-07-22,16.79,41.32,57.5,13.4,33.67,13.07,17.42,31.12,131.15,134036.0
2025-07-23,17.09,38.01,57.42,13.59,33.78,13.39,17.63,31.82,132.39,135368.0
2025-07-24,16.75,36.23,56.53,13.5,33.59,13.12,17.08,31.96,130.78,133808.0
2025-07-25,16.68,36.17,55.7,13.47,33.53,13.07,16.72,32.58,130.45,133524.0
2025-07-28,16.85,36.73,55.16,13.06,33.55,12.7,16.37,31.99,129.25,132129.0
2025-07-29,16.85,36.58,54.82,13.19,33.71,12.71,16.35,32.46,129.5,132726.0
2025-07-30,16.61,36.85,53.84,13.15,33.63,12.75,16.76,33.49,130.93,133990.0
2025-07-31,16.54,37.11,53.46,12.46,33.7,12.58,16.27,33.07,129.88,133071.0
2025-08-01,16.33,37.18,53.75,12.29,33.44,12.59,16.49,32.66,129.57,132437.0
2025-08-04,16.44,37.07,54.18,12.41,33.55,12.68,16.87,33.95,130.0,132971.0
2025-08-05,16.54,37.13,54.11,12.36,33.93,12.58,16.89,35.53,130.16,133151.0
2025-08-06,16.7,38.16,53.77,12.48,34.38,12.72,17.77,35.87,131.49,134538.0
2025-08-07,16.95,39.0,54.11,12.54,34.46,12.91,18.04,36.17,133.52,136528.0
2025-08-08,15.34,38.1,55.39,12.37,34.47,12.88,16.73,35.63,132.91,135913.0
2025-08-11,15.45,37.22,55.33,12.31,34.83,12.76,16.42,35.14,132.5,135623.0
2025-08-12,15.9,36.61,55.91,12.23,35.23,12.65,16.72,35.6,135.1,137914.0
2025-08-13,15.92,36.62,54.09,12.12,34.99,12.7,16.09,34.88,133.66,136687.0
2025-08-14,16.04,36.49,53.42,12.02,35.32,12.85,16.02,37.77,133.36,136356.0
2025-08-15,15.96,35.97,53.32,12.04,32.79,13.15,16.13,38.2,133.56,136341.0
2025-08-18,15.86,36.41,53.2,12.07,32.86,13.16,16.21,39.37,134.33,137322.0
2025-08-19,15.43,35.6,53.24,12.07,32.22,12.53,15.87,37.82,131.17,134432.0
2025-08-20,14.95,36.07,53.0,12.1,31.92,12.33,15.71,37.54,131.8,134667.0
2025-08-21,14.68,35.91,53.45,12.06,31.63,12.25,15.44,36.85,131.63,134511.0
2025-08-22,15.07,37.5,54.79,12.21,31.8,12.56,15.91,38.31,135.15,137968.0
2025-08-25,14.61,37.73,54.92,12.12,32.17,12.55,15.85,39.1,135.11,138025.0
2025-08-26,14.6,37.59,55.41,12.18,32.26,12.44,15.65,38.94,134.94,137771.0
2025-08-27,14.58,37.74,55.38,12.15,32.5,12.67,15.99,39.8,136.2,139206.0
2025-08-28,14.62,37.82,55.4,12.25,32.54,13.03,16.18,40.9,138.31,141049.0
2025-08-29,14.55,37.66,55.56,12.35,32.82,12.98,16.26,41.71,138.5,141422.0
2025-09-01,14.32,37.81,55.6,12.3,32.69,12.98,16.24,41.55,138.29,141125.0
2025-09-02,14.11,37.68,55.39,12.16,32.16,12.75,16.09,41.36,137.37,140335.0
2025-09-03,14.21,37.85,55.6,11.9,32.05,12.95,16.03,40.85,136.87,139864.0
2025-09-04,14.8,37.25,55.71,12.16,32.21,13.09,16.11,41.29,138.01,140993.0
2025-09-05,14.7,37.85,56.22,12.25,32.24,13.38,16.35,41.38,139.65,142640.0
2025-09-08,14.64,37.44,56.36,12.14,32.25,13.14,15.87,40.45,138.8,141792.0
2025-09-09,14.53,36.98,56.19,12.33,32.47,13.01,15.59,39.64,138.6,141618.0
2025-09-10,14.61,37.28,56.58,12.36,32.44,12.97,15.96,40.0,139.16,142349.0
2025-09-11,15.0,36.83,57.02,12.52,32.39,13.12,16.18,39.74,139.96,143151.0
2025-09-12,14.81,36.95,57.0,12.58,32.11,12.95,15.85,39.33,139.21,142272.0
2025-09-15,14.86,36.51,57.5,12.63,32.15,13.37,16.22,39.33,140.45,143547.0
2025-09-16,14.88,36.77,57.7,12.71,32.32,13.48,16.9,38.14,141.11,144062.0
2025-09-17,15.28,36.71,57.8,12.79,32.53,13.72,17.02,38.64,142.6,145594.0
2025-09-18,15.03,36.73,57.69,12.52,32.78,13.73,17.05,38.8,142.53,145500.0
2025-09-19,14.61,36.35,57.92,12.55,32.92,13.66,16.92,38.18,142.79,145865.0
2025-09-22,14.91,37.11,58.0,12.36,33.24,13.5,16.27,37.56,141.99,145109.0
2025-09-23,15.15,36.7,57.67,12.46,33.3,13.34,15.92,38.05,143.33,146425.0
2025-09-24,15.28,36.89,57.89,12.38,32.94,13.17,15.94,37.3,143.42,146492.0
2025-09-25,15.13,36.35,58.21,12.46,32.58,12.95,15.72,37.01,142.28,145306.0
2025-09-26,15.23,36.32,57.09,12.46,32.45,13.22,15.82,36.59,142.44,145447.0
2025-09-29,15.65,36.37,57.28,12.41,32.66,13.4,15.76,36.35,143.45,146337.0
2025-09-30,15.97,36.59,57.58,12.09,33.26,13.4,15.13,35.85,143.24,146237.0
2025-10-01,15.74,35.79,58.31,11.99,33.41,13.09,15.15,35.48,142.52,145517.0
2025-10-02,15.9,36.13,58.7,11.93,33.08,12.84,14.8,35.55,140.99,143950.0
2025-10-03,15.9,36.4,58.59,11.87,32.82,12.75,14.7,35.86,141.22,144201.0
2025-10-06,15.75,35.68,59.59,11.85,32.8,12.64,14.39,36.0,140.67,143608.0
2025-10-07,15.7,35.73,58.75,11.71,33.06,12.24,13.57,35.33,138.45,141356.0
2025-10-08,15.73,35.5,59.2,11.88,32.76,12.66,13.81,36.13,139.2,142145.0
2025-10-09,15.49,37.2,59.11,11.72,32.76,12.79,13.84,35.87,138.75,141708.0
2025-10-10,15.53,36.69,58.87,11.81,32.6,12.6,13.98,33.71,137.81,140680.0
2025-10-13,15.47,37.84,59.75,11.86,32.45,12.71,14.14,33.76,138.75,141783.0
2025-10-14,15.37,37.33,59.75,12.05,32.48,12.55,14.32,32.96,138.74,141683.0
2025-10-15,15.58,37.42,60.86,11.99,32.01,12.64,14.25,33.4,139.49,142604.0
2025-10-16,15.05,38.43,60.3,12.15,31.81,12.6,14.31,32.62,139.16,142200.0
2025-10-17,15.47,40.15,60.13,12.37,31.96,12.56,14.24,32.9,140.4,143399.0
2025-10-20,15.48,39.54,60.9,12.36,32.11,12.66,14.3,33.04,141.27,144509.0
2025-10-21,15.57,39.67,60.8,12.22,31.91,12.33,14.63,32.63,141.17,144085.0
2025-10-22,15.37,40.02,61.88,12.07,32.1,12.45,14.47,32.36,141.88,144873.0
2025-10-23,15.55,41.44,61.76,12.12,32.01,12.59,14.82,32.23,142.68,145721.0
2025-10-24,15.38,41.37,61.73,12.11,32.08,12.5,14.8,32.43,143.0,146172.0
2025-10-27,15.56,41.67,61.66,12.15,32.17,12.53,14.82,32.39,144.0,146969.0
2025-10-28,15.8,42.32,62.2,12.03,32.68,12.63,14.58,32.12,144.32,147429.0
2025-10-29,15.64,42.05,63.33,12.03,32.42,12.64,14.63,31.6,145.3,148633.0
2025-10-30,15.99,41.45,63.81,12.59,32.82,12.6,14.59,31.57,145.7,148780.0
2025-10-31,15.92,42.1,65.26,12.71,32.85,12.66,14.84,31.28,146.41,149540.0
2025-11-03,15.61,42.8,65.35,12.91,33.24,12.84,14.75,30.4,147.37,150454.0
2025-11-04,15.65,42.75,64.62,13.16,33.64,12.84,14.97,30.55,147.53,150704.0
2025-11-05,15.78,43.51,65.73,13.18,33.75,13.2,15.46,31.6,150.38,153294.0
2025-11-06,15.62,43.91,65.5,13.08,34.23,13.1,14.56,31.36,150.1,153339.0
2025-11-07,15.64,45.0,64.78,13.12,33.82,12.98,13.95,31.07,150.8,154064.0
2025-11-10,15.81,45.37,65.21,13.18,34.34,13.12,14.5,31.36,152.25,155257.0
2025-11-11,16.32,46.03,65.04,13.59,33.56,13.53,14.95,31.58,154.8,157749.0
2025-11-12,16.4,44.89,65.76,13.62,33.29,14.12,14.94,32.69,154.44,157633.0
2025-11-13,16.42,44.82,65.67,13.63,33.33,14.47,14.83,18.89,154.1,157162.0
2025-11-14,16.52,44.44,65.27,13.69,33.79,14.44,15.16,17.79,154.34,157739.0
2025-11-17,15.02,43.97,65.22,13.76,33.85,14.16,15.13,18.0,153.79,156993.0
2025-11-18,15.41,43.44,65.02,13.74,33.49,14.05,15.08,17.0,153.53,156522.0
2025-11-19,15.69,43.65,64.95,13.41,33.32,13.85,14.92,17.34,152.0,155381.0
2025-11-21,15.33,43.22,65.16,13.62,33.27,13.89,15.19,17.42,151.95,154770.0
2025-11-24,15.25,43.19,65.09,13.77,33.56,13.98,15.1,17.13,152.35,155278.0
2025-11-25,15.43,42.96,65.6,13.74,34.14,14.17,15.23,17.06,152.97,155910.0
2025-11-26,16.84,44.4,66.58,13.67,34.6,14.71,15.45,15.84,155.74,158555.0
2025-11-27,17.03,44.05,66.33,13.72,34.49,14.73,15.88,15.0,155.32,158292.0
2025-11-28,16.85,44.25,67.4,13.86,34.11,14.96,15.75,14.1,155.85,159072.0
2025-12-01,16.58,45.18,67.92,14.01,34.61,14.89,15.76,14.06,155.5,158611.0
2025-12-02,16.83,45.61,68.48,14.0,34.8,15.1,15.79,14.6,157.97,161092.0
2025-12-03,16.67,45.05,70.69,14.15,34.75,14.79,15.46,14.64,158.4,161755.0
2025-12-04,16.89,45.5,71.92,13.95,35.3,15.02,15.04,15.55,161.29,164456.0
2025-12-05,16.12,46.7,70.22,13.61,34.5,14.01,13.88,14.47,154.18,157369.0
2025-12-08,15.8,47.77,69.74,13.62,35.42,14.35,14.24,13.6,155.25,158187.0
2025-12-09,15.57,47.66,69.78,13.64,35.25,14.12,13.98,13.51,154.55,157981.0
2025-12-10,15.67,48.47,71.06,13.6,35.43,14.21,14.02,13.48,156.0,159075.0
2025-12-11,15.74,48.55,72.0,13.78,35.17,14.3,14.08,13.94,156.19,159189.0
2025-12-12,15.79,49.52,68.61,14.04,35.61,14.33,14.2,14.7,157.5,160766.0
2025-12-15,15.84,49.68,69.03,14.28,35.75,14.41,14.47,15.29,159.37,162482.0
2025-12-16,14.74,49.94,69.29,14.16,35.24,13.72,13.93,14.47,155.16,158578.0
2025-12-17,14.55,49.8,70.17,14.02,34.91,13.25,13.43,14.51,154.35,157327.0
2025-12-18,14.65,50.0,70.35,13.92,35.29,13.3,13.38,14.23,154.86,157923.0
2025-12-19,14.49,49.72,70.85,13.28,35.27,13.39,13.55,14.26,155.3,158473.0
2025-12-22,14.42,47.66,72.92,13.12,35.07,13.24,13.08,14.06,155.07,158142.0
2025-12-23,14.63,48.28,72.9,13.47,35.55,13.53,13.55,14.15,157.43,160456.0
2025-12-26,14.73,48.75,73.12,13.72,35.77,13.72,13.65,14.55,157.82,160897.0
2025-12-29,14.61,48.71,72.12,13.87,36.07,13.79,13.5,14.75,157.41,160490.0
2025-12-30,14.76,48.51,71.96,13.86,36.15,13.89,13.45,14.73,158.0,161125.0
2026-01-02,14.75,48.25,72.38,13.65,35.74,13.43,13.38,14.56,157.36,160539.0
2026-01-05,14.84,48.08,73.12,13.71,35.86,13.95,12.98,15.17,158.52,161870.0
2026-01-06,14.84,48.17,75.87,13.7,36.1,14.5,13.45,16.49,160.2,163664.0
2026-01-07,14.66,47.7,76.32,13.7,35.4,14.28,13.13,16.14,158.8,161975.0
2026-01-08,14.84,45.71,75.58,13.64,34.65,14.38,13.42,15.37,159.6,162937.0
2026-01-09,14.83,46.1,74.72,13.9,34.99,14.46,13.3,15.25,160.1,163370.0
2026-01-12,14.89,46.75,74.74,13.9,34.8,14.49,13.41,15.26,160.15,163150.0
2026-01-13,14.31,46.4,75.35,13.91,34.69,14.31,13.24,13.98,159.07,161973.0
2026-01-14,13.7,47.01,78.92,14.2,34.82,14.73,13.52,13.89,162.24,165146.0
2026-01-15,13.73,46.44,78.85,14.04,34.91,15.12,13.51,13.25,162.55,165568.0
2026-01-16,13.6,46.32,78.88,14.1,35.12,15.24,13.33,12.99,161.57,164800.0
2026-01-19,13.54,46.22,78.57,14.09,35.28,15.1,13.39,13.49,161.94,164849.0
2026-01-20,13.4,46.43,80.08,14.07,35.59,14.67,13.62,13.23,162.92,166277.0
2026-01-21,14.05,47.59,82.5,14.31,36.19,15.5,14.49,13.88,168.95,171817.0
2026-01-22,14.22,49.23,82.98,14.59,37.29,15.62,14.95,13.79,172.74,175589.0
2026-01-23,14.81,49.87,85.02,14.9,36.99,15.82,14.85,13.74,175.7,178859.0
2026-01-26,14.85,51.61,83.07,15.05,37.07,15.68,14.75,13.59,175.3,178721.0
2026-01-27,15.05,52.7,84.9,14.87,36.97,16.16,15.23,13.87,178.23,181919.0
2026-01-28,15.15,51.57,86.97,14.95,37.78,16.51,15.55,13.75,181.4,184691.0
2026-01-29,14.88,52.07,87.41,14.76,37.54,16.68,15.3,13.43,179.65,183134.0
2026-01-30,14.76,51.72,84.32,14.85,37.31,16.15,14.93,13.0,178.2,181364.0
2026-02-02,14.75,51.95,84.82,15.06,38.1,16.35,15.05,12.74,179.2,182793.0
2026-02-03,15.07,54.0,88.99,15.38,38.29,16.45,15.59,12.8,182.19,185674.0
2026-02-04,15.27,51.4,89.43,15.3,37.15,15.77,15.2,12.46,178.2,181708.0
2026-02-05,15.19,52.21,86.45,15.48,37.21,16.26,15.2,12.05,178.65,182127.0
2026-02-06,15.25,51.85,85.63,15.42,37.23,17.04,15.5,11.77,179.24,182950.0
2026-02-09,15.47,53.75,87.31,15.39,37.36,17.62,15.42,11.45,182.79,186241.0
2026-02-10,15.9,52.4,87.05,15.66,38.22,17.45,15.07,11.33,182.4,185929.0
2026-02-11,16.45,53.59,90.09,15.77,38.95,17.29,15.27,11.19,185.99,189699.0
2026-02-12,16.29,54.03,89.23,16.52,37.76,17.36,15.09,10.72,184.28,187766.0
2026-02-13,16.24,53.8,87.03,16.35,33.82,17.46,15.35,10.4,182.98,186464.0
2026-02-18,16.1,53.39,83.92,16.13,33.49,17.61,15.5,10.12,182.43,186016.0
2026-02-19,16.45,51.37,84.09,16.17,33.58,17.75,15.59,10.79,184.99,188534.0
2026-02-20,16.51,51.99,86.81,16.03,34.05,18.08,15.6,10.5,186.69,190534.0
2026-02-23,16.69,51.97,87.39,16.19,34.11,17.86,15.53,9.97,185.17,188854.0
2026-02-24,17.16,51.41,87.73,16.58,34.84,18.22,15.88,10.49,187.78,191490.0
2026-02-25,16.67,50.28,89.97,16.44,35.01,18.14,15.78,10.26,187.46,191248.0
2026-02-26,16.63,49.38,89.21,16.41,35.11,17.95,16.05,10.75,187.35,191005.0
2026-02-27,15.97,49.7,88.47,16.27,34.68,17.9,15.58,10.49,185.16,188787.0
2026-03-02,15.75,48.69,88.16,15.91,34.75,18.49,15.52,10.36,185.5,189307.0
2026-03-03,15.47,47.4,84.48,15.57,34.4,17.54,14.96,10.01,179.3,183105.0
2026-03-04,15.72,47.34,84.09,15.6,34.37,18.16,15.16,9.96,181.6,185366.0
2026-03-05,15.62,46.71,81.29,15.29,33.72,17.56,14.72,9.6,176.75,180464.0
2026-03-06,15.48,46.62,78.86,15.23,34.2,17.24,14.77,9.58,175.89,179365.0
2026-03-09,15.94,46.58,79.26,15.41,34.1,17.32,14.57,9.42,177.26,180915.0
2026-03-10,17.05,47.19,80.56,15.45,34.51,18.11,15.22,9.52,179.75,183447.0
2026-03-11,17.1,46.88,79.85,15.43,34.66,17.99,15.68,9.58,180.21,183969.0
2026-03-12,16.48,45.82,79.24,14.95,34.37,17.14,15.02,9.24,175.85,179285.0
2026-03-13,16.26,46.21,78.3,15.0,35.05,16.88,15.06,8.67,174.55,177653.0
2026-03-16,16.4,45.97,78.84,15.1,34.88,17.35,15.2,8.88,176.55,179875.0
2026-03-17,16.31,46.2,78.96,15.02,34.92,17.6,15.12,8.62,176.83,180410.0
2026-03-18,16.08,46.16,77.13,14.74,34.52,17.12,15.09,8.21,175.8,179640.0
2026-03-19,16.19,46.59,76.63,14.77,34.66,16.92,15.15,9.44,177.15,180271.0
2026-03-20,16.12,45.96,75.55,14.47,34.09,16.19,14.84,8.96,173.01,176219.0
2026-03-23,16.85,47.25,77.49,14.66,34.65,17.26,15.66,9.44,178.9,181932.0
2026-03-24,16.52,47.45,78.1,14.7,34.46,17.38,15.68,9.6,179.19,182509.0
2026-03-25,16.61,48.18,79.55,15.01,34.83,18.0,15.44,10.05,182.2,185424.0
2026-03-26,16.0,47.52,78.91,14.83,34.64,17.77,15.19,9.94,179.45,182733.0
2026-03-27,15.73,47.41,79.0,14.76,34.4,17.21,14.89,9.69,177.74,181557.0
2026-03-30,15.6,49.05,79.5,14.84,34.3,17.04,14.19,9.93,179.0,182514.0
2026-03-31,16.25,51.01,82.48,15.25,34.81,18.4,14.96,10.1,184.28,187462.0
2026-04-01,16.18,51.01,83.0,15.36,35.1,18.52,14.96,10.48,184.18,187953.0
2026-04-02,16.1,50.31,83.55,15.28,35.43,18.59,14.84,10.62,184.37,188052.0
2026-04-06,15.93,50.62,83.09,15.45,35.44,18.43,14.65,10.68,184.56,188162.0
2026-04-07,16.4,50.65,83.69,15.48,35.47,18.05,14.8,10.26,185.0,188259.0
2026-04-08,16.14,52.77,85.59,15.86,35.85,18.71,15.5,11.19,189.0,192201.0
2026-04-09,16.12,52.5,84.69,16.06,35.9,19.16,15.91,11.72,191.7,195129.0
2026-04-10,16.43,52.88,85.59,16.12,36.41,19.51,15.72,13.25,193.84,197324.0
2026-04-13,16.24,52.04,87.36,15.93,36.05,19.26,15.81,13.07,194.3,198001.0
2026-04-14,16.92,51.9,88.3,15.89,35.73,19.68,15.67,13.05,195.16,198657.0
2026-04-15,16.96,49.96,88.44,15.83,35.05,19.84,15.6,12.65,193.86,197738.0
2026-04-16,16.59,48.4,87.44,15.43,35.01,19.78,15.05,12.35,193.05,196819.0
2026-04-17,16.55,48.65,89.75,15.33,34.92,19.43,15.43,12.23,192.1,195734.0
2026-04-20,16.47,48.48,88.73,15.31,35.28,19.25,15.15,12.38,192.64,196132.0
2026-04-22,16.23,47.4,87.22,15.0,34.7,19.07,14.62,12.65,189.33,192889.0
2026-04-23,15.92,48.28,85.97,14.74,34.27,19.03,14.34,13.3,187.87,191378.0
2026-04-24,15.82,47.8,85.87,14.5,34.29,18.98,14.28,14.09,187.01,190745.0
2026-04-27,15.6,48.19,85.5,14.54,33.95,18.72,13.97,13.15,186.06,189579.0
2026-04-28,15.59,47.29,84.39,14.58,34.04,18.53,14.01,12.04,185.16,188619.0
2026-04-29,15.47,44.1,79.44,14.33,33.75,17.88,13.42,11.75,181.03,184750.0
2026-04-30,15.73,44.86,81.18,14.51,33.88,18.03,13.6,12.39,184.09,187318.0
2026-05-04,16.24,44.36,78.66,14.44,33.85,17.87,13.52,11.5,181.76,185600.0
2026-05-05,16.29,43.54,78.39,16.65,34.45,18.01,14.05,11.71,183.27,186754.0
2026-05-06,16.69,44.94,81.23,16.95,34.83,18.36,14.69,11.91,184.25,187691.0
2026-05-07,16.29,44.31,80.07,16.41,34.3,17.78,14.94,11.85,179.7,183218.0
2026-05-08,16.93,45.52,81.49,16.32,34.52,17.93,14.35,11.81,180.93,184108.0
2026-05-11,16.18,44.16,83.45,16.25,34.3,17.59,13.72,11.44,178.59,181909.0
2026-05-12,15.75,43.39,83.25,16.13,34.21,17.3,13.69,12.5,177.19,180342.0
2026-05-13,15.29,43.31,84.3,15.91,34.03,16.64,13.14,12.74,173.79,177098.0
2026-05-14,15.27,43.72,82.87,15.77,34.48,16.93,13.72,13.26,175.16,178366.0
2026-05-15,14.97,43.13,83.5,15.69,34.12,16.7,13.55,12.45,173.88,177284.0
2026-05-18,14.9,42.34,81.83,15.81,34.12,16.72,13.77,12.83,174.0,176976.0
2026-05-19,14.61,41.82,81.02,15.81,33.91,15.89,13.64,12.71,170.87,174279.0
2026-05-20,15.02,42.58,82.0,16.22,34.71,16.79,14.7,13.27,173.95,177356.0
2026-05-21,14.67,42.47,82.63,16.4,34.74,17.02,14.85,12.34,174.17,177650.0
2026-05-22,14.21,42.73,83.1,16.1,34.47,16.66,15.07,12.05,173.3,176210.0
2026-05-25,14.36,43.31,83.59,16.4,34.62,17.26,15.41,12.4,174.48,177359.0
2026-05-26,14.25,43.44,83.07,16.59,34.72,16.94,15.04,12.6,173.29,176589.0
2026-05-27,14.05,43.45,83.45,16.61,34.86,16.48,14.87,12.4,172.54,175744.0
2026-05-28,13.85,43.72,83.96,16.29,34.58,16.5,15.0,12.48,171.7,175063.0
2026-05-29,13.72,44.1,82.82,16.32,35.4,16.5,14.9,12.15,170.75,173788.0
2026-06-01,13.92,43.0,81.7,16.43,35.03,16.25,15.02,12.2,169.12,172198.0
2026-06-02,14.19,42.0,85.0,16.45,35.13,16.28,15.52,12.23,171.43,174198.0
2026-06-03,13.89,41.78,81.79,16.07,35.04,15.52,14.64,11.22,167.28,170331.0
2026-06-05,13.94,42.46,78.7,16.17,35.39,15.41,14.89,10.94,165.75,169019.0
2026-06-08,13.52,44.0,78.07,16.08,35.87,15.22,14.97,10.89,165.5,168669.0
2026-06-09,13.49,43.33,78.5,16.21,36.25,15.39,15.01,11.38,166.42,169813.0
2026-06-10,13.3,42.39,77.7,16.28,36.63,15.12,14.82,11.41,165.82,168619.0
2026-06-11,13.49,42.35,78.8,16.64,37.8,15.44,15.39,11.59,168.7,171497.0
2026-06-12,13.36,42.61,79.17,16.61,37.87,15.23,15.38,11.4,167.92,171133.0
2026-06-15,13.27,42.78,81.16,16.57,37.78,15.14,15.31,11.42,167.59,170415.0
2026-06-16,13.03,42.83,81.44,16.44,38.19,15.04,14.89,11.21,166.35,169649.0
2026-06-17,12.45,43.8,79.78,16.19,39.3,14.61,14.45,10.58,165.14,168454.0
2026-06-18,12.33,45.81,79.94,16.22,39.44,14.33,13.99,10.58,165.38,168278.0
2026-06-19,12.45,45.16,80.75,16.05,38.9,14.41,14.29,10.31,165.13,168576.0
2026-06-22,12.47,45.25,80.91,16.17,38.63,14.7,14.39,10.61,167.12,170370.0
2026-06-23,12.9,45.71,79.38,16.37,38.27,14.72,14.54,10.28,168.21,171259.0
2026-06-24,12.98,46.61,77.73,16.38,38.68,14.97,14.5,10.17,167.61,170507.0
2026-06-25,13.45,46.5,78.66,16.39,38.87,14.61,14.52,10.12,169.0,171990.0
2026-06-26,13.69,46.9,78.15,16.73,39.17,14.92,14.97,10.24,170.22,173295.0
2026-06-29,13.61,46.79,78.13,16.59,39.33,14.71,14.99,10.35,170.21,173205.0
2026-06-30,13.43,46.91,77.88,16.29,39.17,14.53,14.76,10.21,169.05,172024.0
2026-07-01,13.17,46.26,77.97,16.2,38.13,14.4,14.86,10.55,168.8,171689.0
2026-07-02,13.45,46.26,78.24,16.3,38.67,14.61,14.8,10.41,169.9,172788.0
2026-07-03,13.63,46.48,78.84,16.29,38.65,14.76,14.8,10.63,171.11,174266.0
2026-07-06,13.5,46.26,77.79,15.88,38.71,14.58,14.09,10.38,169.25,172448.0
2026-07-07,13.5,45.87,76.2,15.61,38.55,14.53,13.65,10.19,169.03,172021.0
2026-07-08,13.25,45.35,72.7,15.62,38.75,14.24,13.71,9.96,167.56,170654.0
2026-07-09,13.75,45.74,73.15,15.72,39.28,14.79,14.15,10.07,169.8,172742.0
2026-07-10,14.36,46.51,74.18,15.82,40.35,15.42,14.62,10.6,175.01,177866.0
2026-07-13,14.11,44.39,72.85,15.83,40.28,15.12,14.15,10.46,172.25,175739.0
2026-07-14,14.13,44.2,74.01,15.81,40.39,15.33,14.29,11.19,173.6,176641.0
2026-07-15,14.07,44.26,74.51,15.57,40.71,15.69,14.1,10.99,172.76,176011.0
2026-07-16,13.93,43.49,72.98,15.6,41.18,15.39,13.65,10.95,170.77,173825.0
2026-07-17,13.7,43.63,72.94,15.63,41.12,15.2,13.42,11.38,170.63,173714.0
2026-07-20,13.57,43.13,71.93,15.79,41.05,15.26,13.31,11.55,170.3,173371.0
2026-07-21,13.24,42.47,72.24,15.8,41.55,15.17,13.27,11.24,170.34,173326.0
2026-07-22,13.64,46.74,75.1,16.13,42.58,15.9,13.54,11.39,174.7,177548.0
2026-07-23,13.96,45.67,75.68,15.92,42.4,15.65,13.37,10.47,173.45,176724.0
2026-07-24,13.57,45.99,75.24,15.64,41.49,15.44,13.27,9.92,170.95,174042.0
2026-07-27,13.8,46.4,75.69,15.86,40.54,15.72,13.73,10.19,172.75,175335.0
2026-07-28,14.08,46.7,75.69,16.1,41.21,16.0,13.9,10.6,173.74,176565.0
2026-07-29,13.95,45.64,75.05,15.9,40.92,15.32,13.36,10.55,170.55,173885.0
2026-07-30,14.28,46.82,76.09,15.96,40.86,15.63,13.52,11.01,174.31,177159.0
2026-07-31,14.44,47.2,76.28,15.99,41.26,15.73,13.6,11.28,175.02,177999.0
2026-08-03,14.16,48.2,74.64,15.77,41.36,15.62,13.85,11.91,174.9,178000.0
2026-08-04,14.12,49.17,76.31,15.87,42.07,15.7,13.67,11.78,174.85,177895.0
2026-08-05,13.99,48.8,76.66,15.84,41.67,15.55,13.67,11.11,174.7,177726.0
2026-08-06,13.71,48.4,75.39,15.66,40.96,15.36,13.48,11.13,172.04,175546.0
2026-08-07,13.59,48.12,74.97,15.48,38.38,14.95,12.39,10.77,169.37,172513.0
2026-08-10,13.22,47.63,75.93,15.27,38.23,14.67,12.12,10.3,169.27,172180.0
2026-08-11,12.96,47.36,74.4,15.01,37.26,14.29,12.03,9.79,165.05,167875.0
2026-08-12,12.96,47.64,73.18,14.85,37.56,14.24,11.74,9.58,164.67,167491.0
2026-08-13,13.55,47.5,71.9,14.92,37.19,14.8,11.51,6.41,164.15,167101.0
2026-08-14,13.67,47.5,71.3,14.75,36.95,14.67,11.21,6.73,163.9,166934.0
2026-08-17,13.63,47.99,71.41,14.67,37.3,14.41,11.02,6.58,163.8,166784.0
2026-08-18,13.26,48.47,71.55,14.73,37.13,14.3,10.64,6.78,163.55,166335.0
2026-08-19,13.75,48.51,72.13,14.78,36.66,14.42,10.73,6.56,165.0,167830.0
2026-08-20,13.89,48.4,74.02,14.9,36.55,14.34,10.5,6.09,165.0,167927.0
