data,IBOV
2021-08-20,118053.0
2021-08-23,117472.0
2021-08-24,120211.0
2021-08-25,120818.0
2021-08-26,118724.0
2021-08-27,120678.0
2021-08-30,119740.0
2021-08-31,118781.0
2021-09-01,119396.0
2021-09-02,116677.0
2021-09-03,116933.0
2021-09-06,117869.0
2021-09-08,113413.0
2021-09-09,115361.0
2021-09-10,114286.0
2021-09-13,116404.0
2021-09-14,116181.0
2021-09-15,115063.0
2021-09-16,113794.0
2021-09-17,111439.0
2021-09-20,108844.0
2021-09-21,110250.0
2021-09-22,112282.0
2021-09-23,114064.0
2021-09-24,113283.0
2021-09-27,113583.0
2021-09-28,110124.0
2021-09-29,111107.0
2021-09-30,110979.0
2021-10-01,112900.0
2021-10-04,110393.0
2021-10-05,110458.0
2021-10-06,110560.0
2021-10-07,110585.0
2021-10-08,112833.0
2021-10-11,112180.0
2021-10-13,113456.0
2021-10-14,113185.0
2021-10-15,114648.0
2021-10-18,114428.0
2021-10-19,110673.0
2021-10-20,110786.0
2021-10-21,107735.0
2021-10-22,106296.0
2021-10-25,108715.0
2021-10-26,106420.0
2021-10-27,106363.0
2021-10-28,105705.0
2021-10-29,103501.0
2021-11-01,105551.0
2021-11-03,105617.0
2021-11-04,103412.0
2021-11-05,104824.0
2021-11-08,104781.0
2021-11-09,105535.0
2021-11-10,105968.0
2021-11-11,107725.0
2021-11-12,106312.0
2021-11-16,104508.0
2021-11-17,102945.0
2021-11-18,102524.0
2021-11-19,103035.0
2021-11-22,102122.0
2021-11-23,103663.0
2021-11-24,104514.0
2021-11-25,105811.0
2021-11-26,102224.0
2021-11-29,102814.0
2021-11-30,101915.0
2021-12-01,100775.0
2021-12-02,104466.0
2021-12-03,105070.0
2021-12-06,106859.0
2021-12-07,107558.0
2021-12-08,108096.0
2021-12-09,106291.0
2021-12-10,107758.0
2021-12-13,107383.0
2021-12-14,106760.0
2021-12-15,107370.0
2021-12-16,108212.0
2021-12-17,107201.0
2021-12-20,105020.0
2021-12-21,105500.0
2021-12-22,105244.0
2021-12-23,104891.0
2021-12-27,105531.0
2021-12-28,104864.0
2021-12-29,104107.0
2021-12-30,104822.0
2022-01-03,103922.0
2022-01-04,103514.0
2022-01-05,101006.0
2022-01-06,101561.0
2022-01-07,102719.0
2022-01-10,101945.0
2022-01-11,103779.0
2022-01-12,105686.0
2022-01-13,105530.0
2022-01-14,106928.0
2022-01-17,106692.0
2022-01-18,106522.0
2022-01-19,108013.0
2022-01-20,109102.0
2022-01-21,108942.0
2022-01-24,107752.0
2022-01-25,109845.0
2022-01-26,111573.0
2022-01-27,112315.0
2022-01-28,111478.0
2022-01-31,112388.0
2022-02-01,113147.0
2022-02-02,112161.0
2022-02-03,111696.0
2022-02-04,112245.0
2022-02-05,101005.64
2022-02-06,101561.05
2022-02-07,111996.0
2022-02-08,112234.0
2022-02-09,112461.0
2022-02-10,113359.0
2022-02-11,113572.0
2022-02-12,105685.66
2022-02-13,105529.5
2022-02-14,113807.0
2022-02-15,114660.0
2022-02-16,115181.0
2022-02-17,113528.0
2022-02-18,112768.0
2022-02-19,108013.47
2022-02-20,109101.99
2022-02-21,111725.0
2022-02-22,112892.0
2022-02-23,112008.0
2022-02-24,111592.0
2022-02-25,113142.0
2022-02-26,111289.18
2022-02-27,112611.65
2022-02-28,111910.1
2022-03-02,115174.0
2022-03-03,115166.0
2022-03-04,114474.0
2022-03-07,111593.0
2022-03-08,111203.0
2022-03-09,113900.0
2022-03-10,113663.0
2022-03-11,111713.0
2022-03-14,109928.0
2022-03-15,108959.0
2022-03-16,111112.0
2022-03-17,113076.0
2022-03-18,115311.0
2022-03-21,116155.0
2022-03-22,117272.0
2022-03-23,117457.0
2022-03-24,119053.0
2022-03-25,119081.0
2022-03-28,118738.0
2022-03-29,120014.0
2022-03-30,120260.0
2022-03-31,119999.0
2022-04-01,121570.0
2022-04-04,121280.0
2022-04-05,118885.0
2022-04-06,118228.0
2022-04-07,118862.0
2022-04-08,118322.0
2022-04-11,116953.0
2022-04-12,116147.0
2022-04-13,116782.0
2022-04-14,116182.0
2022-04-18,115687.0
2022-04-19,115057.0
2022-04-20,114344.0
2022-04-22,111078.0
2022-04-25,110685.0
2022-04-26,108213.0
2022-04-27,109349.0
2022-04-28,109919.0
2022-04-29,107876.0
2022-05-02,106639.0
2022-05-03,106528.0
2022-05-04,108344.0
2022-05-05,105304.0
2022-05-06,105135.0
2022-05-09,103250.0
2022-05-10,103110.0
2022-05-11,104397.0
2022-05-12,105688.0
2022-05-13,106924.0
2022-05-16,108233.0
2022-05-17,108789.0
2022-05-18,106247.0
2022-05-19,107005.0
2022-05-20,108488.0
2022-05-23,110346.0
2022-05-24,110581.0
2022-05-25,110580.0
2022-05-26,111890.0
2022-05-27,111942.0
2022-05-30,111032.0
2022-05-31,111351.0
2022-06-01,111360.0
2022-06-02,112393.0
2022-06-03,111102.0
2022-06-06,110186.0
2022-06-07,110070.0
2022-06-08,108368.0
2022-06-09,107094.0
2022-06-10,105481.0
2022-06-13,102598.0
2022-06-14,102063.0
2022-06-15,102807.0
2022-06-17,99825.0
2022-06-20,99853.0
2022-06-21,99685.0
2022-06-22,99522.0
2022-06-23,98080.0
2022-06-24,98672.0
2022-06-27,100764.0
2022-06-28,100591.0
2022-06-29,99622.0
2022-06-30,98542.0
2022-07-01,98954.0
2022-07-04,98609.0
2022-07-05,98295.0
2022-07-06,98719.0
2022-07-07,100730.0
2022-07-08,100289.0
2022-07-11,98212.0
2022-07-12,98271.0
2022-07-13,97881.0
2022-07-14,96121.0
2022-07-15,96551.0
2022-07-18,96916.0
2022-07-19,98245.0
2022-07-20,98287.0
2022-07-21,99033.0
2022-07-22,98925.0
2022-07-25,100270.0
2022-07-26,99772.0
2022-07-27,101438.0
2022-07-28,102597.0
2022-07-29,103165.0
2022-08-01,102225.0
2022-08-02,103362.0
2022-08-03,103775.0
2022-08-04,105892.0
2022-08-05,106472.0
2022-08-08,108402.0
2022-08-09,108651.0
2022-08-10,110236.0
2022-08-11,109718.0
2022-08-12,112764.0
2022-08-15,113032.0
2022-08-16,113512.0
2022-08-17,113708.0
2022-08-18,113813.0
2022-08-19,111496.0
2022-08-22,110501.0
2022-08-23,112857.0
2022-08-24,112898.0
2022-08-25,113532.0
2022-08-26,112299.0
2022-08-29,112323.0
2022-08-30,110431.0
2022-08-31,109523.0
2022-09-01,110405.0
2022-09-02,110864.0
2022-09-05,112203.0
2022-09-06,109764.0
2022-09-08,109916.0
2022-09-09,112300.0
2022-09-12,113407.0
2022-09-13,110794.0
2022-09-14,110547.0
2022-09-15,109954.0
2022-09-16,109280.0
2022-09-19,111824.0
2022-09-20,112517.0
2022-09-21,111936.0
2022-09-22,114070.0
2022-09-23,111716.0
2022-09-26,109114.0
2022-09-27,108376.0
2022-09-28,108451.0
2022-09-29,107664.0
2022-09-30,110037.0
2022-10-03,116134.0
2022-10-04,116230.0
2022-10-05,117198.0
2022-10-06,117561.0
2022-10-07,116375.0
2022-10-10,115941.0
2022-10-11,114827.0
2022-10-13,114300.0
2022-10-14,112072.0
2022-10-17,113624.0
2022-10-18,115743.0
2022-10-19,116274.0
2022-10-20,117171.0
2022-10-21,119929.0
2022-10-24,116013.0
2022-10-25,114626.0
2022-10-26,112764.0
2022-10-27,114641.0
2022-10-28,114539.0
2022-10-31,116037.0
2022-11-01,116929.0
2022-11-03,116896.0
2022-11-04,118155.0
2022-11-07,115342.0
2022-11-08,116160.0
2022-11-09,113580.0
2022-11-10,109775.0
2022-11-11,112253.0
2022-11-14,113161.0
2022-11-16,110243.0
2022-11-17,109703.0
2022-11-18,108880.0
2022-11-21,109748.0
2022-11-22,109037.0
2022-11-23,108683.0
2022-11-24,111831.0
2022-11-25,108977.0
2022-11-28,108782.0
2022-11-29,110910.0
2022-11-30,112486.0
2022-12-01,110926.0
2022-12-02,111924.0
2022-12-05,109401.0
2022-12-06,109533.0
2022-12-07,109361.0
2022-12-08,107245.0
2022-12-09,107689.0
2022-12-12,105264.0
2022-12-13,103892.0
2022-12-14,103803.0
2022-12-15,103738.0
2022-12-16,102825.0
2022-12-19,104530.0
2022-12-20,106979.0
2022-12-21,107313.0
2022-12-22,107317.0
2022-12-23,109698.0
2022-12-26,108738.0
2022-12-27,108347.0
2022-12-28,110237.0
2022-12-29,110031.0
2023-01-02,106376.0
2023-01-03,104166.0
2023-01-04,105334.0
2023-01-05,107518.0
2023-01-06,108836.0
2023-01-09,109227.0
2023-01-10,110912.0
2023-01-11,111763.0
2023-01-12,111877.0
2023-01-13,110916.0
2023-01-16,109213.0
2023-01-17,111439.0
2023-01-18,112452.0
2023-01-19,113006.0
2023-01-20,112301.0
2023-01-23,111709.0
2023-01-24,113028.0
2023-01-25,114195.0
2023-01-26,114109.0
2023-01-27,112502.0
2023-01-30,111888.0
2023-01-31,113532.0
2023-02-01,112303.0
2023-02-02,109935.0
2023-02-03,108490.0
2023-02-06,108456.0
2023-02-07,107920.0
2023-02-08,109882.0
2023-02-09,107783.0
2023-02-10,108150.0
2023-02-13,108846.0
2023-02-14,107659.0
2023-02-15,109442.0
2023-02-16,109905.0
2023-02-17,109303.0
2023-02-22,107152.0
2023-02-23,107720.0
2023-02-24,105873.0
2023-02-27,105711.0
2023-02-28,104932.0
2023-03-01,104385.0
2023-03-02,103326.0
2023-03-03,103866.0
2023-03-06,104700.0
2023-03-07,104228.0
2023-03-08,106540.0
2023-03-09,105071.0
2023-03-10,103618.0
2023-03-13,103121.0
2023-03-14,102932.0
2023-03-15,102675.0
2023-03-16,103435.0
2023-03-17,101982.0
2023-03-20,100923.0
2023-03-21,100998.0
2023-03-22,100221.0
2023-03-23,97926.0
2023-03-24,98829.0
2023-03-27,99670.0
2023-03-28,101185.0
2023-03-29,101793.0
2023-03-30,103713.0
2023-03-31,101882.0
2023-04-03,101506.0
2023-04-04,101869.0
2023-04-05,100978.0
2023-04-06,100822.0
2023-04-10,101847.0
2023-04-11,106214.0
2023-04-12,106890.0
2023-04-13,106458.0
2023-04-14,106279.0
2023-04-17,106016.0
2023-04-18,106163.0
2023-04-19,103913.0
2023-04-20,104367.0
2023-04-24,103947.0
2023-04-25,103220.0
2023-04-26,102312.0
2023-04-27,102923.0
2023-04-28,104432.0
2023-05-02,101927.0
2023-05-03,101797.0
2023-05-04,102174.0
2023-05-05,105148.0
2023-05-08,106042.0
2023-05-09,107114.0
2023-05-10,107448.0
2023-05-11,108256.0
2023-05-12,108464.0
2023-05-15,109029.0
2023-05-16,108194.0
2023-05-17,109460.0
2023-05-18,110108.0
2023-05-19,110745.0
2023-05-22,110213.0
2023-05-23,109929.0
2023-05-24,108800.0
2023-05-25,110054.0
2023-05-26,110906.0
2023-05-29,110333.0
2023-05-30,108967.0
2023-05-31,108335.0
2023-06-01,110565.0
2023-06-02,112558.0
2023-06-05,112696.0
2023-06-06,114610.0
2023-06-07,115488.0
2023-06-09,117019.0
2023-06-12,117336.0
2023-06-13,116743.0
2023-06-14,119069.0
2023-06-15,119221.0
2023-06-16,118758.0
2023-06-19,119858.0
2023-06-20,119622.0
2023-06-21,120420.0
2023-06-22,118934.0
2023-06-23,118977.0
2023-06-26,118243.0
2023-06-27,117523.0
2023-06-28,116681.0
2023-06-29,118383.0
2023-06-30,118087.0
2023-07-03,119673.0
2023-07-04,119076.0
2023-07-05,119549.0
2023-07-06,117426.0
2023-07-07,118898.0
2023-07-10,117942.0
2023-07-11,117220.0
2023-07-12,117666.0
2023-07-13,119264.0
2023-07-14,117711.0
2023-07-17,118219.0
2023-07-18,117841.0
2023-07-19,117552.0
2023-07-20,118083.0
2023-07-21,120217.0
2023-07-24,121342.0
2023-07-25,122008.0
2023-07-26,122560.0
2023-07-27,119990.0
2023-07-28,120187.0
2023-07-31,121943.0
2023-08-01,121248.0
2023-08-02,120859.0
2023-08-03,120586.0
2023-08-04,119508.0
2023-08-07,119380.0
2023-08-08,119090.0
2023-08-09,118409.0
2023-08-10,118350.0
2023-08-11,118065.0
2023-08-14,116810.0
2023-08-15,116171.0
2023-08-16,115592.0
2023-08-17,114982.0
2023-08-18,115409.0
2023-08-21,114429.0
2023-08-22,116156.0
2023-08-23,118135.0
2023-08-24,117026.0
2023-08-25,115837.0
2023-08-28,117121.0
2023-08-29,118404.0
2023-08-30,117535.0
2023-08-31,115742.0
2023-09-01,117893.0
2023-09-04,117777.0
2023-09-05,117331.0
2023-09-06,115985.0
2023-09-08,115313.0
2023-09-11,116883.0
2023-09-12,117968.0
2023-09-13,118176.0
2023-09-14,119392.0
2023-09-15,118758.0
2023-09-18,118288.0
2023-09-19,117846.0
2023-09-20,118695.0
2023-09-21,116145.0
2023-09-22,116009.0
2023-09-25,115925.0
2023-09-26,114193.0
2023-09-27,114327.0
2023-09-28,115731.0
2023-09-29,116565.0
2023-10-02,115057.0
2023-10-03,113419.0
2023-10-04,113607.0
2023-10-05,113284.0
2023-10-06,114170.0
2023-10-09,115156.0
2023-10-10,116737.0
2023-10-11,117051.0
2023-10-13,115754.0
2023-10-16,116534.0
2023-10-17,115908.0
2023-10-18,114060.0
2023-10-19,114004.0
2023-10-20,113155.0
2023-10-23,112785.0
2023-10-24,113762.0
2023-10-25,112830.0
2023-10-26,114777.0
2023-10-27,113301.0
2023-10-30,112532.0
2023-10-31,113144.0
2023-11-01,115053.0
2023-11-03,118160.0
2023-11-06,118487.0
2023-11-07,119268.0
2023-11-08,119099.0
2023-11-09,119012.0
2023-11-10,120636.0
2023-11-13,120376.0
2023-11-14,123328.0
2023-11-16,124576.0
2023-11-17,125062.0
2023-11-20,126095.0
2023-11-21,125607.0
2023-11-22,126035.0
2023-11-23,126576.0
2023-11-24,125542.0
2023-11-27,125683.0
2023-11-28,126538.0
2023-11-29,126101.0
2023-11-30,127331.0
2023-12-01,128103.0
2023-12-04,126803.0
2023-12-05,126903.0
2023-12-06,125623.0
2023-12-07,126010.0
2023-12-08,127094.0
2023-12-11,126916.0
2023-12-12,126403.0
2023-12-13,129465.0
2023-12-14,130842.0
2023-12-15,130197.0
2023-12-18,131084.0
2023-12-19,131851.0
2023-12-20,130804.0
2023-12-21,132182.0
2023-12-22,132753.0
2023-12-26,133533.0
2023-12-27,134194.0
2023-12-28,134185.0
2024-01-02,132697.0
2024-01-03,132834.0
2024-01-04,131226.0
2024-01-05,132023.0
2024-01-08,132427.0
2024-01-09,131447.0
2024-01-10,130841.0
2024-01-11,130649.0
2024-01-12,130988.0
2024-01-15,131521.0
2024-01-16,129294.0
2024-01-17,128524.0
2024-01-18,127316.0
2024-01-19,127636.0
2024-01-22,126602.0
2024-01-23,128263.0
2024-01-24,127816.0
2024-01-25,128169.0
2024-01-26,128967.0
2024-01-29,128503.0
2024-01-30,127402.0
2024-01-31,127752.0
2024-02-01,128481.0
2024-02-02,127182.0
2024-02-05,127593.0
2024-02-06,130416.0
2024-02-07,129608.0
2024-02-08,128217.0
2024-02-09,128026.0
2024-02-14,127018.0
2024-02-15,127804.0
2024-02-16,128726.0
2024-02-19,129036.0
2024-02-20,129916.0
2024-02-21,130032.0
2024-02-22,130241.0
2024-02-23,129419.0
2024-02-26,129609.0
2024-02-27,131689.0
2024-02-28,130155.0
2024-02-29,129020.0
2024-03-01,129180.0
2024-03-04,128341.0
2024-03-05,128098.0
2024-03-06,128890.0
2024-03-07,128340.0
2024-03-08,127071.0
2024-03-11,126124.0
2024-03-12,127668.0
2024-03-13,128006.0
2024-03-14,127690.0
2024-03-15,126742.0
2024-03-18,126954.0
2024-03-19,127529.0
2024-03-20,129125.0
2024-03-21,128159.0
2024-03-22,127027.0
2024-03-25,126931.0
2024-03-26,126863.0
2024-03-27,127691.0
2024-03-28,128106.0
2024-04-01,126990.0
2024-04-02,127549.0
2024-04-03,127318.0
2024-04-04,127428.0
2024-04-05,126795.0
2024-04-08,128857.0
2024-04-09,129890.0
2024-04-10,128054.0
2024-04-11,127396.0
2024-04-12,125946.0
2024-04-13,125333.89
2024-04-15,125334.0
2024-04-16,124389.0
2024-04-17,124171.0
2024-04-18,124196.0
2024-04-19,125124.0
2024-04-22,125573.0
2024-04-23,125148.0
2024-04-24,124741.0
2024-04-25,124646.0
2024-04-26,126526.0
2024-04-29,127352.0
2024-04-30,125924.0
2024-05-01,127122.25
2024-05-02,127122.0
2024-05-03,128509.0
2024-05-06,128466.0
2024-05-07,129210.0
2024-05-08,129481.0
2024-05-09,128188.0
2024-05-10,127600.0
2024-05-13,128155.0
2024-05-14,128515.0
2024-05-15,128028.0
2024-05-16,128284.0
2024-05-17,128151.0
2024-05-20,127751.0
2024-05-21,127412.0
2024-05-22,125650.0
2024-05-23,124729.0
2024-05-24,124306.0
2024-05-27,124496.0
2024-05-28,123780.0
2024-05-29,122707.0
2024-05-31,122098.0
2024-06-03,122032.0
2024-06-04,121802.0
2024-06-05,121407.0
2024-06-06,122899.0
2024-06-07,120767.0
2024-06-10,120760.0
2024-06-11,121635.0
2024-06-12,119936.0
2024-06-13,119568.0
2024-06-14,119662.0
2024-06-15,119137.86
2024-06-17,119138.0
2024-06-18,119630.0
2024-06-19,120261.0
2024-06-20,120446.0
2024-06-21,121341.0
2024-06-24,122637.0
2024-06-25,122331.0
2024-06-26,122641.0
2024-06-27,124308.0
2024-06-28,123907.0
2024-07-01,124718.0
2024-07-02,124787.0
2024-07-03,125662.0
2024-07-04,126164.0
2024-07-05,126267.0
2024-07-08,126548.0
2024-07-09,127108.0
2024-07-10,127218.0
2024-07-11,128294.0
2024-07-12,128897.0
2024-07-15,129321.0
2024-07-16,129110.0
2024-07-17,129450.0
2024-07-18,127652.0
2024-07-19,127616.0
2024-07-22,127860.0
2024-07-23,126590.0
2024-07-24,126423.0
2024-07-25,125954.0
2024-07-26,127492.0
2024-07-29,126954.0
2024-07-30,126139.0
2024-07-31,127652.0
2024-08-01,127395.0
2024-08-02,125854.0
2024-08-05,125270.0
2024-08-06,126267.0
2024-08-07,127514.0
2024-08-08,128661.0
2024-08-09,130615.0
2024-08-12,131116.0
2024-08-13,132398.0
2024-08-14,133318.0
2024-08-15,134153.0
2024-08-16,133953.0
2024-08-19,135778.0
2024-08-20,136087.0
2024-08-21,136464.0
2024-08-22,135173.0
2024-08-23,135608.0
2024-08-26,136889.0
2024-08-27,136776.0
2024-08-28,137344.0
2024-08-29,136041.0
2024-08-30,136004.0
2024-09-02,134981.0
2024-09-03,134353.0
2024-09-04,136111.0
2024-09-05,136502.0
2024-09-06,134572.0
2024-09-09,134737.0
2024-09-10,134320.0
2024-09-11,134677.0
2024-09-12,134029.0
2024-09-13,134882.0
2024-09-16,135118.0
2024-09-17,134960.0
2024-09-18,133748.0
2024-09-19,133123.0
2024-09-20,131065.0
2024-09-23,130568.0
2024-09-24,132156.0
2024-09-25,131586.0
2024-09-26,133010.0
2024-09-27,132730.0
2024-09-30,131816.0
2024-10-01,132495.0
2024-10-02,133515.0
2024-10-03,131672.0
2024-10-04,131792.0
2024-10-07,132018.0
2024-10-08,131512.0
2024-10-09,129962.0
2024-10-10,130353.0
2024-10-11,129992.0
2024-10-14,131005.0
2024-10-15,131043.0
2024-10-16,131750.0
2024-10-17,130793.0
2024-10-18,130499.0
2024-10-21,130362.0
2024-10-22,129721.0
2024-10-23,129233.0
2024-10-24,130067.0
2024-10-25,129893.0
2024-10-28,131213.0
2024-10-29,130730.0
2024-10-30,130639.0
2024-10-31,129713.0
2024-11-01,128121.0
2024-11-03,126139.2
2024-11-04,130515.0
2024-11-05,130661.0
2024-11-06,130341.0
2024-11-07,129682.0
2024-11-08,127830.0
2024-11-11,127874.0
2024-11-12,127698.0
2024-11-13,127734.0
2024-11-14,127792.0
2024-11-18,127768.0
2024-11-19,128197.0
2024-11-21,126922.0
2024-11-22,129126.0
2024-11-25,129036.0
2024-11-26,129922.0
2024-11-27,127669.0
2024-11-28,124610.0
2024-11-29,125668.0
2024-12-02,125236.0
2024-12-03,126139.0
2024-12-04,126087.0
2024-12-05,127858.0
2024-12-06,125946.0
2024-12-09,127210.0
2024-12-10,128228.0
2024-12-11,129593.0
2024-12-12,126042.0
2024-12-13,124612.0
2024-12-16,123560.0
2024-12-17,124698.0
2024-12-18,120772.0
2024-12-19,121188.0
2024-12-20,122102.0
2024-12-23,120767.0
2024-12-26,121078.0
2024-12-27,120269.0
2024-12-30,120283.0
2025-01-02,120125.0
2025-01-03,118533.0
2025-01-06,120022.0
2025-01-07,121163.0
2025-01-08,119625.0
2025-01-09,119781.0
2025-01-10,118856.0
2025-01-13,119007.0
2025-01-14,119299.0
2025-01-15,122650.0
2025-01-16,121234.0
2025-01-17,122350.0
2025-01-20,122543.0
2025-01-21,123338.0
2025-01-22,122972.0
2025-01-23,122483.0
2025-01-24,122447.0
2025-01-27,124862.0
2025-01-28,124056.0
2025-01-29,123432.0
2025-01-30,126913.0
2025-01-31,126135.0
2025-02-03,125970.0
2025-02-04,125147.0
2025-02-05,125534.0
2025-02-06,126225.0
2025-02-07,124619.0
2025-02-10,125572.0
2025-02-11,126522.0
2025-02-12,124380.0
2025-02-13,124850.0
2025-02-14,128219.0
2025-02-17,128869.0
2025-02-18,128532.0
2025-02-19,127309.0
2025-02-20,127601.0
2025-02-21,127128.0
2025-02-24,125401.0
2025-02-25,125980.0
2025-02-26,124769.0
2025-02-27,124799.0
2025-02-28,122799.0
2025-03-05,123047.0
2025-03-06,123358.0
2025-03-07,125035.0
2025-03-08,124519.38
2025-03-10,124519.0
2025-03-11,123507.0
2025-03-12,123864.0
2025-03-13,125637.0
2025-03-14,128957.0
2025-03-17,130834.0
2025-03-18,131475.0
2025-03-19,132508.0
2025-03-20,131955.0
2025-03-21,132345.0
2025-03-24,131321.0
2025-03-25,132068.0
2025-03-26,132520.0
2025-03-27,133149.0
2025-03-28,131902.0
2025-03-31,130260.0
2025-04-01,131147.0
2025-04-02,131190.0
2025-04-03,131141.0
2025-04-04,127256.0
2025-04-07,125588.0
2025-04-08,123932.0
2025-04-09,127796.0
2025-04-10,126355.0
2025-04-11,127682.0
2025-04-14,129454.0
2025-04-15,129245.0
2025-04-16,128317.0
2025-04-17,129650.0
2025-04-22,130464.0
2025-04-23,132216.0
2025-04-24,134580.0
2025-04-25,134739.0
2025-04-28,135016.0
2025-04-29,135093.0
2025-04-30,135067.0
2025-05-02,135134.0
2025-05-05,133491.0
2025-05-06,133516.0
2025-05-07,133398.0
2025-05-08,136232.0
2025-05-09,136512.0
2025-05-12,136563.0
2025-05-13,138963.0
2025-05-14,138423.0
2025-05-15,139334.0
2025-05-16,139187.0
2025-05-19,139636.0
2025-05-20,140110.0
2025-05-21,137881.0
2025-05-22,137273.0
2025-05-23,137824.0
2025-05-26,138136.0
2025-05-27,139541.0
2025-05-28,138888.0
2025-05-29,138534.0
2025-05-30,137027.0
2025-06-02,136787.0
2025-06-03,137546.0
2025-06-04,137002.0
2025-06-05,136236.0
2025-06-06,136102.0
2025-06-09,135699.0
2025-06-10,136436.0
2025-06-11,137128.0
2025-06-12,137800.0
2025-06-13,137213.0
2025-06-16,139256.0
2025-06-17,138840.0
2025-06-18,138717.0
2025-06-20,137116.0
2025-06-23,136551.0
2025-06-24,137165.0
2025-06-25,135767.0
2025-06-26,137114.0
2025-06-27,136866.0
2025-06-30,138855.0
2025-07-01,139549.0
2025-07-02,139051.0
2025-07-03,140928.0
2025-07-04,141478.0
2025-07-07,139490.0
2025-07-08,139303.0
2025-07-09,137481.0
2025-07-10,136743.0
2025-07-11,136187.0
2025-07-14,135299.0
2025-07-15,135250.0
2025-07-16,135511.0
2025-07-17,135565.0
2025-07-18,133382.0
2025-07-21,134167.0
2025-07-22,134036.0
2025-07-23,135368.0
2025-07-24,133808.0
2025-07-25,133524.0
2025-07-28,132129.0
2025-07-29,132726.0
2025-07-30,133990.0
2025-07-31,133071.0
2025-08-01,132437.0
2025-08-04,132971.0
2025-08-05,133151.0
2025-08-06,134538.0
2025-08-07,136528.0
2025-08-08,135913.0
2025-08-11,135623.0
2025-08-12,137914.0
2025-08-13,136687.0
2025-08-14,136356.0
2025-08-15,136341.0
2025-08-18,137322.0
2025-08-19,134432.0
2025-08-20,134667.0
2025-08-21,134511.0
2025-08-22,137968.0
2025-08-25,138025.0
2025-08-26,137771.0
2025-08-27,139206.0
2025-08-28,141049.0
2025-08-29,141422.0
2025-09-01,141125.0
2025-09-02,140335.0
2025-09-03,139864.0
2025-09-04,140993.0
2025-09-05,142640.0
2025-09-08,141792.0
2025-09-09,141618.0
2025-09-10,142349.0
2025-09-11,143151.0
2025-09-12,142272.0
2025-09-15,143547.0
2025-09-16,144062.0
2025-09-17,145594.0
2025-09-18,145500.0
2025-09-19,145865.0
2025-09-22,145109.0
2025-09-23,146425.0
2025-09-24,146492.0
2025-09-25,145306.0
2025-09-26,145447.0
2025-09-29,146337.0
2025-09-30,146237.0
2025-10-01,145517.0
2025-10-02,143950.0
2025-10-03,144201.0
2025-10-06,143608.0
2025-10-07,141356.0
2025-10-08,142145.0
2025-10-09,141708.0
2025-10-10,140680.0
2025-10-13,141783.0
2025-10-14,141683.0
2025-10-15,142604.0
2025-10-16,142200.0
2025-10-17,143399.0
2025-10-20,144509.0
2025-10-21,144085.0
2025-10-22,144873.0
2025-10-23,145721.0
2025-10-24,146172.0
2025-10-27,146969.0
2025-10-28,147429.0
2025-10-29,148633.0
2025-10-30,148780.0
2025-10-31,149540.0
2025-11-03,150454.0
2025-11-04,150704.0
2025-11-05,153294.0
2025-11-06,153339.0
2025-11-07,154064.0
2025-11-10,155257.0
2025-11-11,157749.0
2025-11-12,157633.0
2025-11-13,157162.0
2025-11-14,157739.0
2025-11-17,156993.0
2025-11-18,156522.0
2025-11-19,155381.0
2025-11-21,154770.0
2025-11-24,155278.0
2025-11-25,155910.0
2025-11-26,158555.0
2025-11-27,158292.0
2025-11-28,159072.0
2025-12-01,158611.0
2025-12-02,161092.0
2025-12-03,161755.0
2025-12-04,164456.0
2025-12-05,157369.0
2025-12-08,158187.0
2025-12-09,157981.0
2025-12-10,159075.0
2025-12-11,159189.0
2025-12-12,160766.0
2025-12-15,162482.0
2025-12-16,158578.0
2025-12-17,157327.0
2025-12-18,157923.0
2025-12-19,158473.0
2025-12-22,158142.0
2025-12-23,160456.0
2025-12-26,160897.0
2025-12-29,160490.0
2025-12-30,161125.0
2026-01-02,160539.0
2026-01-05,161870.0
2026-01-06,163664.0
2026-01-07,161975.0
2026-01-08,162937.0
2026-01-09,163370.0
2026-01-12,163150.0
2026-01-13,161973.0
2026-01-14,165146.0
2026-01-15,165568.0
2026-01-16,164800.0
2026-01-19,164849.0
2026-01-20,166277.0
2026-01-21,171817.0
2026-01-22,175589.0
2026-01-23,178859.0
2026-01-26,178721.0
2026-01-27,181919.0
2026-01-28,184691.0
2026-01-29,183134.0
2026-01-30,181364.0
2026-02-02,182793.0
2026-02-03,185674.0
2026-02-04,181708.0
2026-02-05,182127.0
2026-02-06,182950.0
2026-02-09,186241.0
2026-02-10,185929.0
2026-02-11,189699.0
2026-02-12,187766.0
2026-02-13,186464.0
2026-02-18,186016.0
2026-02-19,188534.0
2026-02-20,190534.0
2026-02-23,188854.0
2026-02-24,191490.0
2026-02-25,191248.0
2026-02-26,191005.0
2026-02-27,188787.0
2026-03-02,189307.0
2026-03-03,183105.0
2026-03-04,185366.0
2026-03-05,180464.0
2026-03-06,179365.0
2026-03-09,180915.0
2026-03-10,183447.0
2026-03-11,183969.0
2026-03-12,179285.0
2026-03-13,177653.0
2026-03-16,179875.0
2026-03-17,180410.0
2026-03-18,179640.0
2026-03-19,180271.0
2026-03-20,176219.0
2026-03-23,181932.0
2026-03-24,182509.0
2026-03-25,185424.0
2026-03-26,182733.0
2026-03-27,181557.0
2026-03-30,182514.0
2026-03-31,187462.0
2026-04-01,187953.0
2026-04-02,188052.0
2026-04-06,188162.0
2026-04-07,188259.0
2026-04-08,192201.0
2026-04-09,195129.0
2026-04-10,197324.0
2026-04-13,198001.0
2026-04-14,198657.0
2026-04-15,197738.0
2026-04-16,196819.0
2026-04-17,195734.0
2026-04-20,196132.0
2026-04-22,192889.0
2026-04-23,191378.0
2026-04-24,190745.0
2026-04-27,189579.0
2026-04-28,188619.0
2026-04-29,184750.0
2026-04-30,187318.0
2026-05-04,185600.0
2026-05-05,186754.0
2026-05-06,187691.0
2026-05-07,183218.0
2026-05-08,184108.0
2026-05-11,181909.0
2026-05-12,180342.0
2026-05-13,177098.0
2026-05-14,178366.0
2026-05-15,177284.0
2026-05-18,176976.0
2026-05-19,174279.0
2026-05-20,177356.0
2026-05-21,177650.0
2026-05-22,176210.0
2026-05-25,177359.0
2026-05-26,176589.0
2026-05-27,175744.0
2026-05-28,175063.0
2026-05-29,173788.0
2026-06-01,172198.0
2026-06-02,174198.0
2026-06-03,170331.0
2026-06-05,169019.0
2026-06-08,168669.0
2026-06-09,169813.0
2026-06-10,168619.0
2026-06-11,171497.0
2026-06-12,171133.0
2026-06-15,170415.0
2026-06-16,169649.0
2026-06-17,168454.0
2026-06-18,168278.0
2026-06-19,168576.0
2026-06-22,170370.0
2026-06-23,171259.0
2026-06-24,170507.0
2026-06-25,171990.0
2026-06-26,173295.0
2026-06-29,173205.0
2026-06-30,172024.0
2026-07-01,171689.0
2026-07-02,172788.0
2026-07-03,174266.0
2026-07-06,172448.0
2026-07-07,172021.0
2026-07-08,170654.0
2026-07-09,172742.0
2026-07-10,177866.0
2026-07-13,175739.0
2026-07-14,176641.0
2026-07-15,176011.0
2026-07-16,173825.0
2026-07-17,173714.0
2026-07-20,173371.0
2026-07-21,173326.0
2026-07-22,177548.0
2026-07-23,176724.0
2026-07-24,174042.0
2026-07-27,175335.0
2026-07-28,176565.0
2026-07-29,173885.0
2026-07-30,177159.0
2026-07-31,177999.0
2026-08-03,178000.0
2026-08-04,177895.0
2026-08-05,177726.0
2026-08-06,175546.0
2026-08-07,172513.0
2026-08-10,172180.0
2026-08-11,167875.0
2026-08-12,167491.0
2026-08-13,167101.0
2026-08-14,166934.0
2026-08-17,166784.0
2026-08-18,166335.0
2026-08-19,167830.0
2026-08-20,167927.0
